MMSI,BaseDateTime,LAT,LON,SOG,COG,delta_sog,delta_cog,prev_lon,prev_lat,Distance_Traveled,anomaly
338123456,2023-01-01 00:00:00+00:00,18.80987,72.88862,9.8,121.3,9.700000000000001,-83.60000000000001,72.89536,18.80707,774.7470924958802,-1
338123456,2023-01-01 00:05:00+00:00,18.86907,72.94988,9.9,338.5,2.1000000000000005,330.1,72.76408,18.91444,20187.627886793045,-1
338123456,2023-01-01 00:15:00+00:00,18.95755,72.84019,0.5,36.7,-7.699999999999999,-290.5,72.82783,18.9639,1479.2008248138086,-1
338123456,2023-01-01 00:15:00+00:00,18.87443,72.94096,9.7,31.5,3.799999999999999,-320.4,72.93525,18.87976,843.9107515590972,-1
338123456,2023-01-01 00:15:00+00:00,18.80459,72.85266,4.3,4.1,2.3,-309.9,72.94284,18.99331,23029.561365976053,-1
338123456,2023-01-01 00:20:00+00:00,18.84438,72.80069,9.6,9.0,8.9,-254.10000000000002,72.87361,18.96034,15003.490018565859,-1
338123456,2023-01-01 00:50:00+00:00,18.81353,72.94187,0.1,93.0,-9.1,-171.5,72.82608,18.96795,21053.00509113661,-1
338123456,2023-01-01 01:05:00+00:00,18.99488,72.94211,9.1,262.4,7.8999999999999995,191.7,72.93276,18.98616,1380.8041121935157,-1
338123456,2023-01-01 01:10:00+00:00,18.98928,72.80339,7.1,306.1,6.0,302.1,72.80022,18.9881,358.20288106376694,-1
338123456,2023-01-01 01:20:00+00:00,18.83224,72.86768,10.0,333.4,9.3,225.2,72.84678,18.8488,2868.5057603168752,-1
338123456,2023-01-01 01:20:00+00:00,18.94774,72.78119,0.3,338.8,-9.7,5.400000000000034,72.86768,18.83224,15739.755931459333,-1
338123456,2023-01-01 01:25:00+00:00,18.84098,72.94986,0.5,318.6,-0.19999999999999996,313.1,72.78301,18.97151,22775.749802203067,-1
338123456,2023-01-01 01:30:00+00:00,18.82119,72.85826,0.7,13.1,-7.3999999999999995,-312.29999999999995,72.78639,18.8338,7692.851066408768,-1
338123456,2023-01-01 01:35:00+00:00,18.96984,72.81287,0.2,12.2,-1.7,-346.7,72.81345,18.82346,16276.827730461886,-1
338123456,2023-01-01 01:40:00+00:00,18.9396,72.85048,9.8,38.9,9.3,30.5,72.83786,18.91549,2991.5343820382527,-1
338123456,2023-01-01 01:40:00+00:00,18.8001,72.81966,0.2,333.7,-9.4,127.29999999999998,72.86967,18.88543,10850.099043469447,-1
338123456,2023-01-01 01:55:00+00:00,18.80674,72.94323,0.1,157.3,-6.0,-163.0,72.79487,18.98214,24979.964441700475,-1
338123456,2023-01-01 02:00:00+00:00,18.87196,72.79966,1.0,350.4,0.6,323.09999999999997,72.81372,18.88977,2471.877696294838,-1
338123456,2023-01-01 02:00:00+00:00,18.90768,72.82112,9.9,354.1,6.300000000000001,336.6,72.8743,18.99969,11659.885928331927,-1
338123456,2023-01-01 02:10:00+00:00,18.97053,72.92807,9.9,330.0,6.2,317.1,72.83776,18.84142,17215.124259085544,-1
338123456,2023-01-01 02:20:00+00:00,18.93897,72.85808,9.2,295.6,6.699999999999999,265.20000000000005,72.86084,18.93128,903.0204133527103,-1
338123456,2023-01-01 02:25:00+00:00,18.90615,72.89281,0.2,357.4,-9.5,111.09999999999997,72.77344,18.93301,12906.56934039881,-1
338123456,2023-01-01 02:25:00+00:00,18.86491,72.94596,9.9,64.1,9.700000000000001,-293.29999999999995,72.89281,18.90615,7231.688507790767,-1
338123456,2023-01-01 02:25:00+00:00,18.97608,72.76553,1.4,359.2,-8.5,295.1,72.94596,18.86491,22649.630870463992,-1
338123456,2023-01-01 02:25:00+00:00,18.82365,72.93278,9.3,120.4,7.9,-238.79999999999998,72.76553,18.97608,24430.650201636516,-1
338123456,2023-01-01 02:25:00+00:00,18.91248,72.84868,1.4,18.2,-6.5,-325.1,72.86473,18.93247,2791.2193270858306,-1
338123456,2023-01-01 02:30:00+00:00,18.89782,72.89235,1.4,14.7,-7.699999999999999,-303.0,72.93294,18.92514,5240.176060572075,-1
338123456,2023-01-01 02:35:00+00:00,18.97141,72.90387,8.5,315.5,1.5999999999999996,307.1,72.8958,18.97992,1271.0272301445214,-1
338123456,2023-01-01 02:40:00+00:00,18.94932,72.82474,8.3,354.0,8.200000000000001,269.5,72.79821,18.98236,4613.098504781842,-1
338123456,2023-01-01 02:40:00+00:00,18.90024,72.90178,10.0,329.3,2.8,320.1,72.75888,18.82903,16993.70954949324,-1
338123456,2023-01-01 02:55:00+00:00,18.84603,72.83155,9.5,6.7,7.8,-332.40000000000003,72.80539,18.98215,15383.967063273605,-1
338123456,2023-01-01 03:05:00+00:00,18.96875,72.92607,0.2,349.2,-8.4,300.7,72.856,18.89513,11014.967812475528,-1
338123456,2023-01-01 03:05:00+00:00,18.87379,72.94387,0.2,28.2,-9.5,-129.3,72.81293,18.97742,17957.49158789039,-1
338123456,2023-01-01 03:05:00+00:00,18.96396,72.87425,0.6,55.9,-9.1,-247.20000000000002,72.84889,18.81856,16386.401579252506,-1
338123456,2023-01-01 03:15:00+00:00,18.87175,72.8113,9.7,100.2,9.2,74.9,72.79755,18.85651,2228.2189188557054,-1
338123456,2023-01-01 03:15:00+00:00,18.86688,72.85364,0.8,359.2,-8.899999999999999,259.0,72.8113,18.87175,4487.770659251092,-1
338123456,2023-01-01 03:15:00+00:00,18.86282,72.78659,0.7,23.6,-8.600000000000001,-264.9,72.80129,18.811,5966.180663732553,-1
338123456,2023-01-01 03:30:00+00:00,18.85236,72.75261,0.2,202.4,-9.3,-42.400000000000006,72.9381,18.99638,25241.31725254444,-1
338123456,2023-01-01 03:30:00+00:00,18.93002,72.93307,0.2,267.1,-7.8,234.3,72.93041,18.90192,3137.0806500758385,-1
338123456,2023-01-01 03:35:00+00:00,18.83826,72.77135,0.1,102.9,-9.8,80.30000000000001,72.76702,18.88514,5232.691703151225,-1
338123456,2023-01-01 03:40:00+00:00,18.9974,72.91949,0.1,177.4,-1.7,173.6,72.78952,18.80968,24952.78787929045,-1
338123456,2023-01-01 03:45:00+00:00,18.85498,72.93631,10.0,95.0,8.7,84.9,72.75476,18.99861,24894.3104076043,-1
338123456,2023-01-01 03:45:00+00:00,18.81187,72.77322,7.5,9.4,6.9,-184.7,72.91209,18.99643,25190.737810576054,-1
338123456,2023-01-01 03:50:00+00:00,18.97852,72.76484,0.3,354.5,-7.7,64.0,72.80454,18.9167,8042.730935082888,-1
338123456,2023-01-01 03:55:00+00:00,18.81796,72.75125,0.1,68.2,-9.1,-204.3,72.90368,18.94017,21020.6983891478,-1
338123456,2023-01-01 03:55:00+00:00,18.98179,72.8515,9.3,344.1,6.4,342.6,72.85138,18.95556,2916.670223246243,-1
338123456,2023-01-01 03:55:00+00:00,18.91779,72.91723,9.8,3.4,8.9,-131.2,72.77738,18.80886,19059.261160782986,-1
338123456,2023-01-01 04:10:00+00:00,18.82153,72.92874,0.1,60.1,-6.7,-189.8,72.81356,18.99702,22969.19442926768,-1
338123456,2023-01-01 04:10:00+00:00,18.81269,72.7952,9.3,332.2,8.700000000000001,316.7,72.87676,18.91268,14045.260309867232,-1
338123456,2023-01-01 04:15:00+00:00,18.83298,72.86156,0.2,348.1,-7.3999999999999995,345.5,72.79287,18.95805,15672.564001001007,-1
338123456,2023-01-01 04:15:00+00:00,18.97441,72.78092,10.0,50.0,8.9,-253.7,72.92561,18.88311,18294.137866236633,-1
338123456,2023-01-01 04:20:00+00:00,18.88736,72.89348,0.7,284.0,-8.600000000000001,265.6,72.8729,18.87271,2709.6239634355993,-1
338123456,2023-01-01 04:25:00+00:00,18.97217,72.94234,0.3,72.8,-9.299999999999999,-214.8,72.75382,18.92207,20594.470638593804,-1
338123456,2023-01-01 04:25:00+00:00,18.86803,72.76777,0.2,341.6,-9.200000000000001,216.50000000000003,72.75554,18.91175,5028.831466489635,-1
338123456,2023-01-01 04:40:00+00:00,18.80081,72.89453,9.9,54.4,7.7,-246.70000000000002,72.8919,18.81057,1120.013485591998,-1
338123456,2023-01-01 04:40:00+00:00,18.98537,72.84871,0.9,19.0,-8.4,-306.5,72.76569,18.80287,22092.794231817843,-1
338123456,2023-01-01 04:45:00+00:00,18.82499,72.79365,0.3,19.9,-9.2,-203.5,72.76962,18.94523,13607.008020465893,-1
338123456,2023-01-01 04:45:00+00:00,18.98092,72.89084,2.4,32.9,-7.6,-321.0,72.91101,18.99091,2394.0990118930968,-1
338123456,2023-01-01 04:50:00+00:00,18.88643,72.93824,9.3,327.3,8.8,273.40000000000003,72.76472,18.82596,19457.76807633346,-1
338123456,2023-01-01 04:55:00+00:00,18.90731,72.84874,1.0,7.0,-7.9,-307.6,72.88929,18.85165,7517.117846165424,-1
338123456,2023-01-01 05:00:00+00:00,18.97502,72.81421,0.2,219.4,-7.7,96.0,72.79525,18.96271,2418.4187549878066,-1
338123456,2023-01-01 05:20:00+00:00,18.90154,72.78319,0.4,314.7,-9.0,205.2,72.75902,18.91044,2728.395658334409,-1
338123456,2023-01-01 05:25:00+00:00,18.89928,72.93379,0.3,4.3,-7.6000000000000005,-339.0,72.80037,18.84869,15123.114550653314,-1
338123456,2023-01-01 05:30:00+00:00,18.98137,72.92448,0.9,42.0,-8.6,-203.4,72.9443,18.9616,3029.2556559704435,-1
338123456,2023-01-01 05:30:00+00:00,18.92041,72.75679,9.7,354.2,7.8999999999999995,343.4,72.84875,18.89573,10055.441247452753,-1
338123456,2023-01-01 05:35:00+00:00,18.91453,72.80636,2.0,4.7,-7.800000000000001,-275.7,72.9299,18.91505,12995.37399502125,-1
338123456,2023-01-01 05:40:00+00:00,18.86196,72.88104,10.0,4.1,9.0,-284.79999999999995,72.8062,18.95496,12996.89545068461,-1
338123456,2023-01-01 05:45:00+00:00,18.8743,72.8058,0.1,285.2,-8.0,39.099999999999994,72.81388,18.83697,4237.090286142603,-1
338123456,2023-01-01 05:45:00+00:00,18.99875,72.75012,9.9,34.4,2.4000000000000004,-307.3,72.85204,18.83481,21148.162458983556,-1
338123456,2023-01-01 05:45:00+00:00,18.82916,72.76069,0.2,36.3,-7.7,-283.2,72.90995,18.84658,15826.936006133163,-1
338123456,2023-01-01 05:45:00+00:00,18.99245,72.92048,9.6,345.9,9.4,322.5,72.76416,18.90031,19371.45130092581,-1
338123456,2023-01-01 05:50:00+00:00,18.81664,72.91037,8.9,342.3,6.1000000000000005,273.3,72.75222,18.96824,23685.230619260496,-1
338123456,2023-01-01 05:50:00+00:00,18.90318,72.82645,0.1,234.9,-6.5,201.3,72.83306,18.89046,1576.098173051449,-1
338123456,2023-01-01 05:55:00+00:00,18.88672,72.81535,10.0,60.3,8.9,-289.3,72.90502,18.86914,9634.904824731882,-1
338123456,2023-01-01 05:55:00+00:00,18.80075,72.80265,8.3,298.6,6.800000000000001,209.90000000000003,72.88716,18.99702,23565.607580992924,-1
338123456,2023-01-01 06:00:00+00:00,18.91127,72.78278,1.2,357.6,-5.8,330.5,72.79337,18.88037,3612.03202962447,-1
338123456,2023-01-01 06:05:00+00:00,18.9396,72.85416,1.1,338.6,-3.4999999999999996,322.3,72.83927,18.92985,1904.7453706318834,-1
338123456,2023-01-01 06:05:00+00:00,18.99751,72.76488,9.4,173.7,9.1,-158.5,72.85214,18.80112,23688.558119936784,-1
338123456,2023-01-01 06:05:00+00:00,18.93104,72.89952,9.8,352.0,8.5,327.0,72.75906,18.92987,14774.258072863682,-1
338123456,2023-01-01 06:05:00+00:00,18.8913,72.83447,0.1,354.5,-1.0,329.3,72.93185,18.99462,15390.982857853625,-1
338123456,2023-01-01 06:10:00+00:00,18.88345,72.91069,9.9,153.5,8.5,-186.3,72.88928,18.86899,2767.6169667094578,-1
338123456,2023-01-01 06:15:00+00:00,18.96616,72.87307,1.4,3.0,-8.299999999999999,-148.6,72.86694,18.96199,794.0699373176061,-1
338123456,2023-01-01 06:15:00+00:00,18.87554,72.75353,0.1,84.6,-9.3,-80.9,72.94816,18.90925,20816.25026218274,-1
338123456,2023-01-01 06:15:00+00:00,18.90596,72.8925,0.1,333.3,-4.9,298.90000000000003,72.88289,18.93781,3682.992098151725,-1
338123456,2023-01-01 06:15:00+00:00,18.87821,72.80092,9.9,21.8,9.8,-311.5,72.8925,18.90596,10116.718548053685,-1
338123456,2023-01-01 06:15:00+00:00,18.81337,72.76012,8.9,339.7,0.40000000000000036,317.4,72.87265,18.9933,23247.109128389387,-1
338123456,2023-01-01 06:20:00+00:00,18.93701,72.92368,9.8,325.8,8.100000000000001,289.1,72.79366,18.8202,18863.81871205313,-1
338123456,2023-01-01 06:25:00+00:00,18.96402,72.77009,0.5,349.6,-9.0,345.0,72.93459,18.86464,20531.42766205641,-1
338123456,2023-01-01 06:25:00+00:00,18.98794,72.91563,0.5,336.6,-8.4,273.5,72.87868,18.82062,19006.84329157575,-1
338123456,2023-01-01 06:30:00+00:00,18.8447,72.91625,2.2,340.0,-7.7,325.0,72.94639,18.86087,3645.825723182124,-1
338123456,2023-01-01 06:30:00+00:00,18.84461,72.75955,0.3,97.4,-8.1,-74.5,72.93239,18.98886,24245.0682354428,-1
338123456,2023-01-01 06:35:00+00:00,18.82042,72.77878,0.7,12.7,-6.7,-343.0,72.90825,18.9652,21087.860763156295,-1
338123456,2023-01-01 06:40:00+00:00,18.86365,72.82717,9.5,201.0,9.4,185.2,72.84665,18.86136,2065.50852288729,-1
338123456,2023-01-01 06:55:00+00:00,18.9676,72.81207,1.8,352.7,-8.0,326.4,72.78444,18.94597,3771.96704321783,-1
338123456,2023-01-01 07:00:00+00:00,18.95322,72.76046,1.1,15.2,-8.8,-319.5,72.92242,18.90535,17847.435538751262,-1
338123456,2023-01-01 07:05:00+00:00,18.97439,72.8429,9.8,141.8,9.3,130.3,72.83097,18.96601,1562.710764154692,-1
338123456,2023-01-01 07:05:00+00:00,18.83892,72.87483,9.9,184.2,8.700000000000001,156.1,72.87413,18.85508,1798.419269722293,-1
338123456,2023-01-01 07:10:00+00:00,18.80177,72.87351,1.5,6.3,-8.2,-319.59999999999997,72.81635,18.80821,6059.096219945525,-1
338123456,2023-01-01 07:10:00+00:00,18.80986,72.83171,8.0,344.4,5.5,305.59999999999997,72.83003,18.80104,996.5541894313875,-1
338123456,2023-01-01 07:10:00+00:00,18.99761,72.75735,8.4,49.2,5.7,-270.40000000000003,72.91748,18.82782,25301.761293064807,-1
338123456,2023-01-01 07:30:00+00:00,18.97184,72.92823,0.6,2.6,-8.6,-176.9,72.8866,18.80783,18755.616928405496,-1
338123456,2023-01-01 07:35:00+00:00,18.82456,72.77207,0.9,2.0,-6.5,-230.6,72.76702,18.82234,586.029560119787,-1
338123456,2023-01-01 07:40:00+00:00,18.9477,72.75939,9.4,338.9,5.7,312.9,72.77529,18.96941,2936.5779680149394,-1
338123456,2023-01-01 07:40:00+00:00,18.88673,72.93725,8.7,3.5,5.6,-336.6,72.76161,18.83455,19371.017169208288,-1
338123456,2023-01-01 07:55:00+00:00,18.87773,72.94319,9.5,355.8,8.8,319.2,72.88735,18.97783,12585.196837023084,-1
338123456,2023-01-01 07:55:00+00:00,18.91132,72.7503,9.7,1.9,8.899999999999999,-270.8,72.94372,18.81363,23069.754944142376,-1
338123456,2023-01-01 07:55:00+00:00,18.80559,72.86807,0.7,341.7,-9.0,339.8,72.7503,18.91132,17081.910563351365,-1
338123456,2023-01-01 08:00:00+00:00,18.85967,72.76443,6.4,354.8,4.300000000000001,282.9,72.75519,18.86388,1079.0982125052208,-1
338123456,2023-01-01 08:00:00+00:00,18.83741,72.81621,9.4,346.0,0.0,314.7,72.80524,18.83956,1178.9599722740243,-1
338123456,2023-01-01 08:00:00+00:00,18.98175,72.94741,0.9,60.1,-8.5,-285.9,72.81621,18.83741,21167.852699003073,-1
338123456,2023-01-01 08:00:00+00:00,18.80614,72.75166,0.2,252.7,-7.0,-44.5,72.93989,18.93319,24327.621462474322,-1
338123456,2023-01-01 08:00:00+00:00,18.84462,72.87331,0.1,152.0,-8.6,75.1,72.85756,18.82397,2831.9401869126564,-1
338123456,2023-01-01 08:05:00+00:00,18.90219,72.84163,0.1,354.4,-9.200000000000001,137.39999999999998,72.93455,18.80581,14507.234498182777,-1
338123456,2023-01-01 08:15:00+00:00,18.85826,72.89618,1.0,8.6,-8.2,-266.4,72.78158,18.86247,12067.843069092876,-1
338123456,2023-01-01 08:20:00+00:00,18.84001,72.76702,8.7,12.7,6.799999999999999,-307.8,72.93161,18.99022,24056.72711713702,-1
338123456,2023-01-01 08:20:00+00:00,18.84769,72.76278,0.7,359.6,-1.4000000000000001,354.3,72.92435,18.98294,22694.1586680626,-1
338123456,2023-01-01 08:20:00+00:00,18.90291,72.80039,0.5,13.7,-8.4,-340.6,72.88104,18.93123,9049.105868623912,-1
338123456,2023-01-01 08:35:00+00:00,18.97704,72.94335,0.2,139.1,-7.8999999999999995,103.69999999999999,72.765,18.94015,19199.14163381953,-1
338123456,2023-01-01 08:40:00+00:00,18.95964,72.76085,9.1,228.0,8.7,129.4,72.9339,18.82962,23247.762543917615,-1
338123456,2023-01-01 08:40:00+00:00,18.82695,72.9434,0.7,196.1,-7.6000000000000005,-86.70000000000002,72.76108,18.99811,27019.258392191383,-1
338123456,2023-01-01 08:45:00+00:00,18.97574,72.94368,0.7,328.5,-9.200000000000001,309.1,72.82157,18.84259,19601.18354870016,-1
338123456,2023-01-01 08:45:00+00:00,18.84868,72.85671,7.6,33.6,5.5,-321.7,72.86262,18.84828,623.5109535107975,-1
338123456,2023-01-01 08:50:00+00:00,18.95549,72.87004,0.2,320.8,-8.4,203.0,72.9049,18.93545,4290.34586032974,-1
338123456,2023-01-01 08:50:00+00:00,18.95018,72.84598,9.9,250.3,3.2,249.3,72.84942,18.95757,897.8414436986166,-1
338123456,2023-01-01 08:55:00+00:00,18.88787,72.8453,9.6,324.2,8.799999999999999,292.0,72.86509,18.89838,2387.561766177579,-1
338123456,2023-01-01 08:55:00+00:00,18.8229,72.91067,8.9,346.9,-0.9000000000000004,331.0,72.77201,18.98753,23406.79368270908,-1
338123456,2023-01-01 08:55:00+00:00,18.87805,72.75888,0.6,353.9,-8.700000000000001,334.9,72.77854,18.82472,6280.54604990734,-1
338123456,2023-01-01 09:00:00+00:00,18.90953,72.92535,1.5,24.6,-7.699999999999999,-312.9,72.84124,18.97711,11606.956858212343,-1
338123456,2023-01-01 09:05:00+00:00,18.97874,72.77073,0.3,216.0,-9.1,84.6,72.93014,18.83361,23273.054374230207,-1
338123456,2023-01-01 09:10:00+00:00,18.98341,72.88337,0.5,331.2,-9.4,199.5,72.77,18.82188,21560.28627909997,-1
338123456,2023-01-01 09:10:00+00:00,18.9936,72.78592,1.4,34.9,-6.699999999999999,-319.8,72.77113,18.98388,1893.7878890505951,-1
338123456,2023-01-01 09:15:00+00:00,18.86984,72.75415,9.8,297.4,8.9,213.7,72.90685,18.96615,19305.02117184162,-1
338123456,2023-01-01 09:20:00+00:00,18.94362,72.84682,9.8,343.2,5.000000000000001,187.2,72.83997,18.95122,1110.4774433599935,-1
338123456,2023-01-01 09:30:00+00:00,18.91311,72.75491,0.4,359.7,-6.6,326.5,72.75416,18.94928,4022.6940421192908,-1
338123456,2023-01-01 09:30:00+00:00,18.97474,72.79779,0.3,18.5,-8.799999999999999,-205.0,72.93619,18.86798,18784.41636527619,-1
338123456,2023-01-01 09:35:00+00:00,18.88264,72.85688,0.1,207.9,-9.3,192.20000000000002,72.83249,18.8333,6056.96984129676,-1
338123456,2023-01-01 09:40:00+00:00,18.98155,72.93738,0.2,117.9,-8.4,74.10000000000001,72.87428,18.82673,18450.62032735169,-1
338123456,2023-01-01 09:50:00+00:00,18.82191,72.91053,9.8,4.8,8.5,-196.39999999999998,72.76967,18.95953,21302.155403975594,-1
338123456,2023-01-01 09:50:00+00:00,18.81873,72.85524,9.8,344.8,7.1000000000000005,260.9,72.80177,18.99876,20793.627803593492,-1
338123456,2023-01-01 09:55:00+00:00,18.98323,72.76774,9.8,213.6,8.600000000000001,194.1,72.78669,18.99005,2131.9390887817285,-1
338123456,2023-01-01 09:55:00+00:00,18.80811,72.7971,4.1,17.8,0.7999999999999998,-332.2,72.92223,18.98857,23998.73106680152,-1
338123456,2023-01-01 09:55:00+00:00,18.97276,72.7578,9.7,23.7,7.8999999999999995,-172.8,72.89977,18.80102,24244.10292016525,-1
338123456,2023-01-01 09:55:00+00:00,18.97847,72.824,9.9,358.3,4.2,357.6,72.93567,18.83268,20019.95326523977,-1
338123456,2023-01-01 10:00:00+00:00,18.80681,72.77543,0.9,112.6,-8.1,74.5,72.94231,18.96774,25069.26191220517,-1
338123456,2023-01-01 10:00:00+00:00,18.82664,72.77276,8.2,334.2,4.6,316.59999999999997,72.84003,18.9999,20524.075364689335,-1
338123456,2023-01-01 10:05:00+00:00,18.96424,72.90838,9.4,357.7,8.700000000000001,315.8,72.85002,18.93827,6782.987512412323,-1
338123456,2023-01-01 10:10:00+00:00,18.81488,72.77093,9.3,337.1,5.4,329.0,72.76014,18.99218,19747.509617087533,-1
338123456,2023-01-01 10:20:00+00:00,18.99304,72.82575,0.9,2.5,-2.6,-230.0,72.94109,18.80743,23941.412349370337,-1
338123456,2023-01-01 10:20:00+00:00,18.97881,72.9228,8.4,346.7,8.200000000000001,335.2,72.86703,18.94212,7144.301865550098,-1
338123456,2023-01-01 10:25:00+00:00,18.8823,72.94597,0.5,24.7,-8.7,-276.40000000000003,72.75168,18.92967,21106.373026028483,-1
338123456,2023-01-01 10:25:00+00:00,18.91191,72.84495,0.2,302.1,-9.5,-55.5,72.91035,18.9594,8671.8190815312,-1
338123456,2023-01-01 10:40:00+00:00,18.81739,72.92331,0.3,117.4,-9.6,-69.1,72.78864,18.99023,23876.127871106266,-1
338123456,2023-01-01 10:45:00+00:00,18.84906,72.88512,0.1,333.5,-9.6,217.0,72.9212,18.93018,9786.278360103739,-1
338123456,2023-01-01 10:45:00+00:00,18.87684,72.93458,9.4,344.8,8.3,325.2,72.82526,18.9726,15671.685312509977,-1
338123456,2023-01-01 10:45:00+00:00,18.97937,72.81679,9.5,348.2,9.3,215.29999999999998,72.8199,18.80668,19205.039116317414,-1
338123456,2023-01-01 10:50:00+00:00,18.83489,72.76435,0.2,2.4,-8.4,-344.5,72.80022,18.82698,3876.1837773846137,-1
338123456,2023-01-01 10:55:00+00:00,18.81221,72.91884,0.6,38.0,-9.4,-127.19999999999999,72.9261,18.80664,983.6399717364927,-1
338123456,2023-01-01 11:05:00+00:00,18.99405,72.89957,9.9,317.1,2.5,191.20000000000002,72.75285,18.8113,25517.97361028161,-1
338123456,2023-01-01 11:15:00+00:00,18.98464,72.88808,9.9,5.1,4.6000000000000005,-272.4,72.83194,18.82263,18958.04380813664,-1
338123456,2023-01-01 11:20:00+00:00,18.96061,72.83938,0.2,353.2,-6.0,319.7,72.90279,18.87057,12030.387986273656,-1
338123456,2023-01-01 11:20:00+00:00,18.97406,72.87475,0.7,327.1,-9.200000000000001,63.700000000000045,72.89645,18.99647,3378.6808857475744,-1
338123456,2023-01-01 11:25:00+00:00,18.8621,72.77451,8.1,256.8,7.6,181.9,72.77648,18.86028,289.69887371460146,-1
338123456,2023-01-01 11:25:00+00:00,18.81374,72.80557,9.8,36.7,9.600000000000001,4.100000000000001,72.93357,18.96514,21558.269818081386,-1
338123456,2023-01-01 11:30:00+00:00,18.99747,72.81241,9.3,212.8,8.4,210.0,72.80474,18.97695,2420.046738172263,-1
338123456,2023-01-01 11:35:00+00:00,18.93266,72.86187,9.9,10.6,7.9,-334.7,72.84035,18.82539,12140.875134124288,-1
338123456,2023-01-01 11:35:00+00:00,18.81882,72.85552,9.9,108.7,9.200000000000001,-245.90000000000003,72.81044,18.80732,4914.159477158907,-1
338123456,2023-01-01 11:45:00+00:00,18.99315,72.79697,10.0,60.0,8.7,-130.7,72.89268,18.80244,23474.979658402466,-1
338123456,2023-01-01 11:45:00+00:00,18.97967,72.94385,9.6,322.6,9.299999999999999,119.00000000000003,72.92697,18.97204,1967.3134548883263,-1
338123456,2023-01-01 11:50:00+00:00,18.87485,72.93729,0.2,339.6,-7.5,166.50000000000003,72.7616,18.90297,18746.39891271412,-1
338123456,2023-01-01 12:00:00+00:00,18.81662,72.75675,9.7,133.9,8.6,-101.0,72.75964,18.83197,1733.7319164400535,-1
338123456,2023-01-01 12:00:00+00:00,18.84888,72.84701,1.0,3.9,-8.2,-338.40000000000003,72.92584,18.99288,18031.679418853033,-1
338123456,2023-01-01 12:05:00+00:00,18.80997,72.92972,0.5,25.7,-8.8,-107.60000000000001,72.75629,18.95982,24709.7965010516,-1
338123456,2023-01-01 12:15:00+00:00,18.97854,72.90576,10.0,107.4,7.9,-249.20000000000002,72.91664,18.98132,1185.054509304686,-1
338123456,2023-01-01 12:15:00+00:00,18.83897,72.81514,0.7,0.8,-9.0,-225.6,72.80833,18.91043,7978.229664329898,-1
338123456,2023-01-01 12:20:00+00:00,18.85803,72.78463,9.4,342.4,8.700000000000001,16.5,72.7734,18.88212,2927.720949683247,-1
338123456,2023-01-01 12:25:00+00:00,18.80525,72.77314,0.3,349.8,-9.0,249.70000000000002,72.84184,18.81699,7347.952452707678,-1
338123456,2023-01-01 12:30:00+00:00,18.83236,72.94445,1.1,10.4,-7.300000000000001,-226.1,72.80929,18.9636,20375.02523319478,-1
338123456,2023-01-01 12:40:00+00:00,18.85767,72.92641,0.4,356.3,-9.5,293.8,72.91578,18.94124,9359.605665351528,-1
338123456,2023-01-01 12:40:00+00:00,18.80878,72.76946,0.3,108.0,-9.7,-202.8,72.81363,18.96956,18471.99060884706,-1
338123456,2023-01-01 12:45:00+00:00,18.94896,72.94525,9.7,215.6,8.399999999999999,-46.20000000000002,72.77453,18.80427,24114.12190732287,-1
338123456,2023-01-01 12:45:00+00:00,18.87811,72.81561,9.8,93.9,8.9,-258.1,72.8544,18.87907,4082.6213775360598,-1
338123456,2023-01-01 12:50:00+00:00,18.9945,72.78162,0.7,71.5,-7.7,-28.900000000000006,72.93409,18.81982,25189.824788653503,-1
338123456,2023-01-01 12:55:00+00:00,18.85458,72.93715,0.1,94.3,-9.200000000000001,85.2,72.8645,18.96436,14401.932731574067,-1
338123456,2023-01-01 13:00:00+00:00,18.99438,72.78256,0.5,26.9,-8.0,-300.70000000000005,72.75299,18.80717,21047.944936881046,-1
338123456,2023-01-01 13:00:00+00:00,18.98825,72.7734,9.8,146.4,9.3,119.5,72.78256,18.99438,1179.9075229886007,-1
338123456,2023-01-01 13:00:00+00:00,18.87785,72.77486,0.3,344.0,-9.399999999999999,167.7,72.93893,18.99791,21817.462663793507,-1
338123456,2023-01-01 13:10:00+00:00,18.89535,72.83395,0.4,344.5,-9.299999999999999,305.3,72.88211,18.87616,5497.843379765541,-1
338123456,2023-01-01 13:15:00+00:00,18.81116,72.83263,9.8,14.4,9.3,-344.0,72.93897,18.96783,20703.904734523043,-1
338123456,2023-01-01 13:20:00+00:00,18.80098,72.85383,0.2,359.2,-9.8,294.7,72.89236,18.93952,15929.463976550831,-1
338123456,2023-01-01 13:25:00+00:00,18.91153,72.76623,9.4,289.8,8.9,144.60000000000002,72.93151,18.8015,21264.28010830216,-1
338123456,2023-01-01 13:35:00+00:00,18.91435,72.83854,0.2,345.4,-9.200000000000001,184.29999999999998,72.89204,18.99728,10802.293118378231,-1
338123456,2023-01-01 13:40:00+00:00,18.8075,72.79984,7.2,354.0,-2.8,336.4,72.8904,18.97633,21052.257702471303,-1
338123456,2023-01-01 13:45:00+00:00,18.81106,72.82939,0.3,44.9,-8.5,-302.1,72.81533,18.83176,2736.385010221372,-1
338123456,2023-01-01 13:55:00+00:00,18.98029,72.85078,0.2,164.1,-8.8,96.8,72.91892,18.82776,18413.11967127782,-1
338123456,2023-01-01 14:05:00+00:00,18.82619,72.85363,0.2,199.7,-9.600000000000001,62.599999999999994,72.83712,18.82282,1777.5787155079497,-1
338123456,2023-01-01 14:05:00+00:00,18.8514,72.75735,8.2,329.8,7.699999999999999,316.7,72.93665,18.91292,20066.364496776907,-1
338123456,2023-01-01 14:10:00+00:00,18.96589,72.76487,10.0,291.0,9.3,243.7,72.94654,18.90925,20118.58152284831,-1
338123456,2023-01-01 14:10:00+00:00,18.89801,72.79092,1.0,57.6,-8.7,-283.29999999999995,72.79457,18.90066,484.0143475171605,-1
338123456,2023-01-01 14:10:00+00:00,18.80942,72.8798,10.0,314.2,8.7,-22.30000000000001,72.81468,18.99152,21376.067951594407,-1
338123456,2023-01-01 14:10:00+00:00,18.80505,72.77797,2.3,64.1,-7.500000000000001,-257.5,72.83476,18.98856,21262.012542677618,-1
338123456,2023-01-01 14:25:00+00:00,18.91175,72.94473,10.0,311.6,5.6,278.8,72.75103,18.95914,21043.356883525415,-1
338123456,2023-01-01 14:25:00+00:00,18.81037,72.75162,9.4,317.3,8.9,171.60000000000002,72.94082,18.90769,22659.662776887722,-1
338123456,2023-01-01 14:25:00+00:00,18.97446,72.91004,8.1,350.5,7.6,342.0,72.79612,18.87576,16249.039308466568,-1
338123456,2023-01-01 14:25:00+00:00,18.84563,72.75507,7.7,358.0,6.1,244.6,72.91226,18.98618,22751.872890898772,-1
338123456,2023-01-01 14:25:00+00:00,18.80021,72.93306,1.7,23.5,-7.499999999999999,-262.0,72.94718,18.99544,21759.347877633503,-1
338123456,2023-01-01 14:30:00+00:00,18.89403,72.76617,0.4,339.0,-9.6,301.6,72.87237,18.85914,11828.136722447613,-1
338123456,2023-01-01 14:40:00+00:00,18.80576,72.93844,0.2,26.9,-2.5,-294.8,72.91007,18.99381,21122.12324537011,-1
338123456,2023-01-01 14:40:00+00:00,18.80054,72.88553,0.9,18.1,-7.299999999999999,-280.4,72.91241,18.9637,18361.662187582075,-1
338123456,2023-01-01 14:45:00+00:00,18.82207,72.79074,0.2,93.7,-9.3,-231.90000000000003,72.79041,18.97052,16506.92336785316,-1
338123456,2023-01-01 14:45:00+00:00,18.80008,72.86868,9.5,38.4,9.2,-250.29999999999998,72.80249,18.98058,21244.382827468893,-1
338123456,2023-01-01 14:45:00+00:00,18.90435,72.83481,0.7,338.2,-8.8,173.2,72.82337,18.9179,1928.2910322673195,-1
338123456,2023-01-01 14:45:00+00:00,18.89532,72.85896,10.0,144.8,9.3,-193.39999999999998,72.83481,18.90435,2731.802206884502,-1
338123456,2023-01-01 14:50:00+00:00,18.83033,72.82978,9.4,58.9,9.0,-214.4,72.93136,18.98435,20186.457059244174,-1
338123456,2023-01-01 14:50:00+00:00,18.8991,72.88153,6.9,22.3,6.4,-329.4,72.90259,18.90836,2443.046163491151,-1
338123456,2023-01-01 14:55:00+00:00,18.99716,72.92043,9.8,28.4,5.800000000000001,-315.1,72.82934,18.80897,23015.469709942212,-1
338123456,2023-01-01 14:55:00+00:00,18.80353,72.77685,0.5,273.9,-9.3,245.49999999999997,72.92043,18.99716,26300.52503875644,-1
338123456,2023-01-01 15:00:00+00:00,18.98974,72.92485,1.9,33.3,-3.9,-295.09999999999997,72.77552,18.81559,24935.27323057908,-1
338123456,2023-01-01 15:00:00+00:00,18.81334,72.75871,3.8,348.1,1.9,314.8,72.92485,18.98974,26271.870170664777,-1
338123456,2023-01-01 15:15:00+00:00,18.80978,72.88916,9.9,359.6,8.6,276.70000000000005,72.9037,18.86938,6801.573068907357,-1
338123456,2023-01-01 15:20:00+00:00,18.96789,72.83528,9.9,353.3,8.200000000000001,231.60000000000002,72.81704,18.97717,2177.973371883066,-1
338123456,2023-01-01 15:25:00+00:00,18.94024,72.93924,10.0,267.8,5.4,262.1,72.78423,18.82413,20800.618234323563,-1
338123456,2023-01-01 15:30:00+00:00,18.84717,72.77035,9.0,264.2,7.8,216.1,72.76263,18.85002,872.0151304372016,-1
338123456,2023-01-01 15:35:00+00:00,18.92598,72.81141,8.5,338.4,5.1,300.59999999999997,72.82457,18.94311,2354.5703213756306,-1
338123456,2023-01-01 15:35:00+00:00,18.80766,72.946,2.5,15.8,-0.5,-305.2,72.79423,18.99889,26590.567337566426,-1
338123456,2023-01-01 15:35:00+00:00,18.84298,72.87504,9.6,17.9,8.6,-275.20000000000005,72.94804,18.9883,17890.595072023938,-1
338123456,2023-01-01 15:35:00+00:00,18.89804,72.77598,1.0,4.2,-7.300000000000001,-352.0,72.81349,18.81813,9722.79449657914,-1
338123456,2023-01-01 15:40:00+00:00,18.8263,72.91246,8.7,3.0,2.3999999999999995,-323.3,72.78317,18.9945,23125.17509250391,-1
338123456,2023-01-01 15:45:00+00:00,18.81337,72.83482,7.8,353.9,-0.6000000000000005,316.0,72.9248,18.99681,22486.872257241015,-1
338123456,2023-01-01 15:55:00+00:00,18.93423,72.8547,0.3,99.5,-9.6,-247.60000000000002,72.75568,18.85059,13964.879916002123,-1
338123456,2023-01-01 15:55:00+00:00,18.80861,72.85378,8.3,337.6,6.000000000000001,299.3,72.83579,18.99547,20863.894703028935,-1
338123456,2023-01-01 16:05:00+00:00,18.92046,72.7991,0.7,359.2,-8.3,59.39999999999998,72.8471,18.90295,5411.629952661311,-1
338123456,2023-01-01 16:05:00+00:00,18.96617,72.77239,0.1,318.8,-8.8,117.4,72.81442,18.97269,4478.781263534142,-1
338123456,2023-01-01 16:20:00+00:00,18.83248,72.91889,9.8,359.4,2.3000000000000007,13.299999999999955,72.75553,18.99777,25161.25653466642,-1
338123456,2023-01-01 16:25:00+00:00,18.99256,72.76732,0.3,59.9,-9.0,-222.20000000000002,72.92183,18.83157,24178.995456983466,-1
338123456,2023-01-01 16:40:00+00:00,18.99143,72.90726,0.1,188.6,-7.300000000000001,-167.4,72.78892,18.81004,23702.311986751487,-1
338123456,2023-01-01 16:40:00+00:00,18.87932,72.94931,1.9,331.6,-4.699999999999999,321.5,72.94316,18.86934,1284.6014921927065,-1
338123456,2023-01-01 16:40:00+00:00,18.86435,72.78745,0.1,357.3,-6.300000000000001,356.1,72.7657,18.99877,15120.876317557555,-1
338123456,2023-01-01 16:45:00+00:00,18.81048,72.78037,0.5,25.8,-4.9,-272.59999999999997,72.88793,18.98611,22570.484634898025,-1
338123456,2023-01-01 16:50:00+00:00,18.81495,72.90746,8.8,13.8,7.9,-337.09999999999997,72.91739,18.98571,19016.359929602637,-1
338123456,2023-01-01 16:50:00+00:00,18.99688,72.75789,6.6,2.3,5.8999999999999995,-336.5,72.75878,18.97751,2155.8776533137325,-1
338123456,2023-01-01 16:55:00+00:00,18.80498,72.91574,1.0,50.4,-8.6,-302.90000000000003,72.83095,18.93984,17448.874331868596,-1
338123456,2023-01-01 17:00:00+00:00,18.83157,72.86636,1.3,20.7,-7.8999999999999995,-244.8,72.78843,18.98133,18561.066680553322,-1
338123456,2023-01-01 17:05:00+00:00,18.98768,72.89278,9.5,312.1,7.3,311.1,72.93053,18.96781,4542.92316976696,-1
338123456,2023-01-01 17:05:00+00:00,18.97186,72.91499,9.8,0.5,4.4,-352.3,72.89936,18.96562,1784.0543980468676,-1
338123456,2023-01-01 17:10:00+00:00,18.91724,72.80591,9.7,330.7,8.299999999999999,312.8,72.89052,18.96708,10483.34112282997,-1
338123456,2023-01-01 17:25:00+00:00,18.91583,72.77942,9.3,226.2,8.700000000000001,216.39999999999998,72.7729,18.8931,2618.872986292042,-1
338123456,2023-01-01 17:25:00+00:00,18.87806,72.90486,9.6,83.5,8.6,59.6,72.90236,18.86346,1644.6184047818217,-1
338123456,2023-01-01 17:25:00+00:00,18.90621,72.78176,0.2,254.5,-8.9,251.1,72.89564,18.99496,15518.55940959124,-1
338123456,2023-01-01 17:35:00+00:00,18.90188,72.93864,9.0,263.5,8.8,206.5,72.76538,18.99331,20866.015015842066,-1
338123456,2023-01-01 17:40:00+00:00,18.95362,72.89177,1.2,29.4,-8.5,-320.20000000000005,72.86827,18.85649,11079.67665729687,-1
338123456,2023-01-01 17:40:00+00:00,18.83444,72.84319,9.9,354.8,8.700000000000001,325.40000000000003,72.89177,18.95362,14203.56640210719,-1
338123456,2023-01-01 17:40:00+00:00,18.83421,72.77428,8.7,206.0,8.6,96.4,72.94431,18.98058,24182.97651646989,-1
338123456,2023-01-01 17:40:00+00:00,18.83799,72.76145,1.1,342.4,-6.5,339.5,72.8991,18.99679,22835.171513833313,-1
338123456,2023-01-01 17:45:00+00:00,18.96442,72.92278,9.8,0.9,8.5,-289.8,72.75337,18.88854,19715.751629577604,-1
338123456,2023-01-01 17:50:00+00:00,18.97185,72.89293,10.0,345.4,7.2,265.29999999999995,72.86478,18.9478,3989.363794628481,-1
338123456,2023-01-01 18:00:00+00:00,18.97222,72.82302,9.6,356.0,4.699999999999999,354.3,72.92768,18.80845,21280.443193722524,-1
338123456,2023-01-01 18:00:00+00:00,18.84816,72.86664,1.0,17.4,-8.6,-338.6,72.82302,18.97222,14537.963014678991,-1
338123456,2023-01-01 18:00:00+00:00,18.81055,72.78432,0.3,40.9,-8.799999999999999,-140.79999999999998,72.9189,18.95462,21380.37850340409,-1
338123456,2023-01-01 18:00:00+00:00,18.98084,72.76403,0.8,86.1,-8.299999999999999,-272.70000000000005,72.76171,18.95898,2442.9331375586453,-1
338123456,2023-01-01 18:05:00+00:00,18.92849,72.93834,10.0,7.0,8.0,-320.5,72.91518,18.8782,6099.69958412412,-1
338123456,2023-01-01 18:05:00+00:00,18.93999,72.92399,1.7,270.8,-8.3,263.8,72.93834,18.92849,1978.1796674170712,-1
338123456,2023-01-01 18:05:00+00:00,18.83457,72.75929,0.2,268.6,-9.4,264.6,72.94995,18.95893,24362.55878102751,-1
338123456,2023-01-01 18:10:00+00:00,18.85017,72.94439,9.5,22.0,9.3,-296.3,72.7744,18.90541,18910.661852657453,-1
338123456,2023-01-01 18:15:00+00:00,18.90519,72.76791,1.0,300.3,-8.8,138.70000000000002,72.78049,18.9058,1325.108313119837,-1
338123456,2023-01-01 18:20:00+00:00,18.81935,72.93717,7.8,7.3,6.1,-337.4,72.79006,18.97475,23197.008232311222,-1
338123456,2023-01-01 18:20:00+00:00,18.95464,72.94057,1.6,18.1,-7.6,-314.29999999999995,72.94923,18.94213,1662.6825171261116,-1
338123456,2023-01-01 18:30:00+00:00,18.85581,72.88009,9.9,350.8,8.9,209.4,72.75928,18.90243,13727.232224520003,-1
338123456,2023-01-01 18:30:00+00:00,18.93461,72.76886,9.7,37.5,8.1,-319.5,72.9299,18.85003,19377.52528003446,-1
338123456,2023-01-01 18:30:00+00:00,18.94928,72.75655,1.9,292.3,-7.699999999999999,286.1,72.91346,18.81083,22573.149360958563,-1
338123456,2023-01-01 18:35:00+00:00,18.98415,72.93197,10.0,173.9,7.9,-36.69999999999999,72.75336,18.80328,27523.9251733899,-1
338123456,2023-01-01 18:50:00+00:00,18.92689,72.87171,0.7,14.0,-7.8,-289.1,72.93258,18.94462,6698.824950664603,-1
338123456,2023-01-01 18:55:00+00:00,18.87993,72.79464,9.7,337.4,7.8999999999999995,242.09999999999997,72.81844,18.87727,2521.485414764895,-1
338123456,2023-01-01 18:55:00+00:00,18.9808,72.85886,8.6,357.5,8.2,192.6,72.9282,18.81162,20176.786718521802,-1
338123456,2023-01-01 19:00:00+00:00,18.898,72.79587,0.3,41.3,-8.399999999999999,-254.09999999999997,72.83764,18.97138,9267.04637651565,-1
338123456,2023-01-01 19:00:00+00:00,18.99859,72.79575,0.1,358.3,-0.30000000000000004,169.60000000000002,72.93647,18.85477,21790.504861800706,-1
338123456,2023-01-01 19:15:00+00:00,18.99665,72.75975,0.4,73.3,-7.9,-190.7,72.75805,18.81065,20683.02952222821,-1
338123456,2023-01-01 19:20:00+00:00,18.90028,72.93321,9.7,338.1,8.1,174.40000000000003,72.76844,18.80325,20421.57739476575,-1
338123456,2023-01-01 19:20:00+00:00,18.98375,72.92748,9.6,57.8,9.1,-69.8,72.78169,18.80233,25341.56566556396,-1
338123456,2023-01-01 19:25:00+00:00,18.9012,72.9007,9.8,353.2,6.6000000000000005,315.0,72.82893,18.83097,10863.35369214857,-1
338123456,2023-01-01 19:25:00+00:00,18.93259,72.93546,0.1,355.8,-8.4,37.80000000000001,72.86313,18.82791,13906.799990791935,-1
338123456,2023-01-01 19:25:00+00:00,18.89974,72.93549,9.9,1.0,9.1,-331.5,72.75571,18.85637,19520.395432542096,-1
338123456,2023-01-01 19:25:00+00:00,18.98402,72.76234,9.1,340.2,7.3,320.4,72.91843,18.90836,18446.338884753615,-1
338123456,2023-01-01 19:25:00+00:00,18.89071,72.75637,0.5,12.1,-8.6,-13.4,72.78242,18.88981,2742.443199132242,-1
338123456,2023-01-01 19:30:00+00:00,18.9434,72.92149,9.7,1.8,1.0,-356.4,72.89,18.92031,4190.7165141214455,-1
338123456,2023-01-01 19:30:00+00:00,18.81455,72.78573,9.9,307.4,8.8,296.5,72.84604,18.87437,9193.77795689853,-1
338123456,2023-01-01 19:30:00+00:00,18.90099,72.85804,0.6,285.0,-8.9,1.3000000000000114,72.86435,18.90696,938.7756541018816,-1
338123456,2023-01-01 19:35:00+00:00,18.98705,72.93338,0.2,31.0,-7.3999999999999995,-236.10000000000002,72.90564,18.80254,20723.092455731552,-1
338123456,2023-01-01 19:35:00+00:00,18.97061,72.7609,9.3,11.5,8.700000000000001,-310.7,72.87977,18.82738,20249.23100582617,-1
338123456,2023-01-01 19:45:00+00:00,18.91784,72.79951,0.2,55.9,-8.700000000000001,-218.70000000000002,72.78283,18.94134,3147.4106169609113,-1
338123456,2023-01-01 19:45:00+00:00,18.9886,72.88117,2.2,1.2,-5.8,-331.2,72.86455,18.9877,1750.3623615700262,-1
338123456,2023-01-01 19:45:00+00:00,18.84079,72.92623,9.0,322.7,7.7,315.7,72.75357,18.83009,18209.719052337245,-1
338123456,2023-01-01 19:55:00+00:00,18.92804,72.79005,0.2,27.1,-8.3,-265.29999999999995,72.76951,18.85394,8518.196393754763,-1
338123456,2023-01-01 20:00:00+00:00,18.8169,72.78144,0.1,233.1,-9.5,146.6,72.93994,18.81899,16683.959705725767,-1
338123456,2023-01-01 20:00:00+00:00,18.87975,72.83826,1.0,355.7,-1.0,354.4,72.84535,18.86712,1590.2236068742855,-1
338123456,2023-01-01 20:00:00+00:00,18.958,72.75459,0.8,27.4,-5.4,-296.90000000000003,72.91191,18.81487,22961.837063925614,-1
338123456,2023-01-01 20:15:00+00:00,18.97235,72.87499,9.9,351.6,8.200000000000001,262.8,72.85451,18.88808,9614.806029915058,-1
338123456,2023-01-01 20:20:00+00:00,18.87423,72.84969,0.4,4.4,-8.6,-285.40000000000003,72.83643,18.9621,9869.752142772906,-1
338123456,2023-01-01 20:20:00+00:00,18.98659,72.75322,0.2,37.9,-7.8,-267.6,72.94071,18.94093,20359.615604719387,-1
338123456,2023-01-01 20:20:00+00:00,18.80678,72.84436,0.1,291.8,-8.700000000000001,32.400000000000034,72.91108,18.82029,7181.435661969394,-1
338123456,2023-01-01 20:30:00+00:00,18.82322,72.75064,0.1,116.7,-9.9,-154.40000000000003,72.88616,18.98344,22817.588372651277,-1
338123456,2023-01-01 20:30:00+00:00,18.81973,72.76902,0.5,313.0,-6.6,310.1,72.90968,18.98883,23927.123959853558,-1
338123456,2023-01-01 20:30:00+00:00,18.9838,72.82871,0.2,307.9,-6.5,253.39999999999998,72.75733,18.80977,20757.184575270632,-1
338123456,2023-01-01 20:40:00+00:00,18.83943,72.77676,9.2,148.5,8.399999999999999,-175.2,72.9136,18.99679,22657.31844653532,-1
338123456,2023-01-01 20:45:00+00:00,18.97986,72.94368,6.4,359.1,5.300000000000001,309.40000000000003,72.80265,18.80548,24415.462096056322,-1
338123456,2023-01-01 20:55:00+00:00,18.80548,72.75461,0.7,108.1,-9.200000000000001,-149.9,72.94152,18.97344,27119.78169434001,-1
338123456,2023-01-01 20:55:00+00:00,18.9504,72.94275,10.0,160.2,9.8,-174.90000000000003,72.81477,18.80625,20934.013760243426,-1
338123456,2023-01-01 21:00:00+00:00,18.82864,72.76168,0.3,354.0,-3.2,321.3,72.81127,18.99819,19561.457939705702,-1
338123456,2023-01-01 21:05:00+00:00,18.96545,72.89153,8.4,352.5,8.3,215.7,72.91353,18.98416,3111.2603863463123,-1
338123456,2023-01-01 21:10:00+00:00,18.83379,72.93665,7.6,314.0,5.199999999999999,281.5,72.77431,18.99832,25026.19351145411,-1
338123456,2023-01-01 21:15:00+00:00,18.81435,72.79336,0.6,83.2,-8.6,60.1,72.92425,18.9673,21883.09670113094,-1
338123456,2023-01-01 21:15:00+00:00,18.99259,72.92601,10.0,98.3,3.0,-248.8,72.75148,18.84883,24342.515080793655,-1
338123456,2023-01-01 21:15:00+00:00,18.92508,72.84479,9.6,351.7,8.799999999999999,316.09999999999997,72.82234,18.94002,2887.1078608139405,-1
338123456,2023-01-01 21:15:00+00:00,18.85945,72.78685,0.2,41.7,-8.100000000000001,-249.40000000000003,72.7511,18.8916,5189.268256625495,-1
338123456,2023-01-01 21:15:00+00:00,18.85266,72.93731,9.3,347.3,4.9,342.2,72.78395,18.83444,16265.555797304123,-1
338123456,2023-01-01 21:25:00+00:00,18.92935,72.82632,0.1,247.1,-7.6000000000000005,239.0,72.8495,18.88977,5031.441610073963,-1
338123456,2023-01-01 21:25:00+00:00,18.93983,72.87757,9.8,359.3,7.700000000000001,257.70000000000005,72.77866,18.80354,18384.066511777663,-1
338123456,2023-01-01 21:30:00+00:00,18.88303,72.83316,9.5,338.7,9.2,74.30000000000001,72.86538,18.89642,3702.3261293750766,-1
338123456,2023-01-01 21:30:00+00:00,18.93329,72.89064,7.3,9.6,6.1,-330.5,72.90107,18.91819,2005.6770684290127,-1
338123456,2023-01-01 21:35:00+00:00,18.95542,72.90645,9.6,337.9,9.0,289.0,72.90952,18.96521,1135.4631521276517,-1
338123456,2023-01-01 21:40:00+00:00,18.87909,72.84182,0.2,44.9,-7.8999999999999995,-262.1,72.88603,18.81664,8358.532010487115,-1
338123456,2023-01-01 21:45:00+00:00,18.96463,72.9091,0.7,306.6,-7.8999999999999995,269.70000000000005,72.8871,18.96553,2315.6595622988957,-1
338123456,2023-01-01 21:45:00+00:00,18.98306,72.90223,0.8,358.6,-2.5999999999999996,333.5,72.8672,18.99374,3869.9191068000664,-1
338123456,2023-01-01 21:50:00+00:00,18.98134,72.93243,9.4,355.3,6.7,337.3,72.92894,18.92319,6476.393663340009,-1
338123456,2023-01-01 21:55:00+00:00,18.82643,72.76693,9.8,345.4,8.5,327.7,72.84508,18.9293,14087.259208579218,-1
338123456,2023-01-01 21:55:00+00:00,18.91615,72.94712,0.4,46.3,-9.5,-294.0,72.84377,18.99638,14061.184579506298,-1
338123456,2023-01-01 21:55:00+00:00,18.84553,72.80289,10.0,298.6,9.6,252.3,72.94712,18.91615,17086.107796608874,-1
338123456,2023-01-01 22:00:00+00:00,18.8092,72.78213,0.3,79.3,-7.2,-109.50000000000001,72.93583,18.98984,25785.70296976266,-1
338123456,2023-01-01 22:05:00+00:00,18.99873,72.91327,9.2,359.6,-0.6000000000000014,335.40000000000003,72.90669,18.83217,18533.555968794968,-1
338123456,2023-01-01 22:05:00+00:00,18.81425,72.90584,8.9,359.1,7.9,271.90000000000003,72.85982,18.9861,19712.589398966535,-1
338123456,2023-01-01 22:20:00+00:00,18.87385,72.76673,0.3,71.0,-8.2,-282.8,72.89692,18.80567,15658.5498498733,-1
338123456,2023-01-01 22:25:00+00:00,18.89276,72.87924,0.3,52.8,-9.0,-146.89999999999998,72.86639,18.87864,2071.920120748574,-1
338123456,2023-01-01 22:40:00+00:00,18.89263,72.9483,0.7,80.9,-9.200000000000001,67.9,72.92056,18.93297,5351.213658394667,-1
338123456,2023-01-01 22:40:00+00:00,18.8785,72.89936,0.1,2.3,-8.200000000000001,-76.60000000000001,72.88854,18.8623,2130.959939522215,-1
338123456,2023-01-01 22:45:00+00:00,18.98318,72.83623,9.2,104.5,9.0,-249.8,72.87633,18.81459,19215.14592959501,-1
338123456,2023-01-01 22:50:00+00:00,18.82566,72.84642,9.4,46.7,8.3,-288.2,72.80501,18.8053,4911.42499208963,-1
338123456,2023-01-01 23:00:00+00:00,18.98347,72.92152,0.8,346.2,-6.8,116.19999999999999,72.78404,18.80637,24433.312010113194,-1
338123456,2023-01-01 23:00:00+00:00,18.93637,72.92815,0.8,7.5,-3.5,-322.0,72.78562,18.81047,20515.356438327643,-1
338123456,2023-01-01 23:05:00+00:00,18.99241,72.88864,9.1,335.9,8.6,21.0,72.76377,18.81784,23438.225173713403,-1
338123456,2023-01-01 23:10:00+00:00,18.85884,72.85726,0.2,355.2,-8.4,345.8,72.76182,18.82559,10702.626605287785,-1
338123456,2023-01-01 23:15:00+00:00,18.83215,72.91229,9.9,336.9,6.300000000000001,332.59999999999997,72.92218,18.83463,1076.7516461397463,-1
338123456,2023-01-01 23:15:00+00:00,18.93442,72.75693,0.1,146.8,-8.9,139.20000000000002,72.91614,18.98938,17823.14798207316,-1
338123456,2023-01-01 23:20:00+00:00,18.88283,72.91152,9.2,349.2,8.899999999999999,181.2,72.92834,18.92435,4944.272184877959,-1
338123456,2023-01-01 23:25:00+00:00,18.91057,72.81997,1.8,7.5,-7.500000000000001,-327.1,72.86093,18.89759,4544.1844710688665,-1
338123456,2023-01-01 23:25:00+00:00,18.81885,72.92816,9.1,205.2,8.0,203.79999999999998,72.77825,18.98682,24444.7581085426,-1
338123456,2023-01-01 23:40:00+00:00,18.89085,72.78029,0.1,11.4,-3.9,-347.20000000000005,72.92686,18.96745,17612.936406640794,-1
338123456,2023-01-01 23:40:00+00:00,18.89162,72.83092,9.4,55.0,8.5,-125.19999999999999,72.81968,18.88538,1371.061318716029,-1
338123456,2023-01-01 23:40:00+00:00,18.88768,72.81835,9.5,349.3,8.1,294.90000000000003,72.8217,18.92941,4653.526784691601,-1
338123456,2023-01-01 23:55:00+00:00,18.81809,72.94551,9.1,355.9,7.8999999999999995,335.09999999999997,72.86827,18.94999,16767.469753121128,-1
338123456,2023-01-01 23:55:00+00:00,18.97861,72.85127,0.1,85.6,-9.0,-270.29999999999995,72.94551,18.81809,20417.56938445754,-1
338123456,2023-01-01 23:55:00+00:00,18.98763,72.82015,9.3,335.0,4.1000000000000005,314.1,72.82884,18.98284,1057.62612658723,-1
366789123,2023-01-01 00:00:00+00:00,18.88061,72.91207,0.3,287.4,-9.299999999999999,200.2,72.88724,18.91821,4929.843110214947,-1
366789123,2023-01-01 00:00:00+00:00,18.8265,72.78815,8.7,343.2,8.299999999999999,279.4,72.93454,18.92628,18982.43957847652,-1
366789123,2023-01-01 00:00:00+00:00,18.9635,72.86169,0.2,359.9,-8.200000000000001,0.39999999999997726,72.81405,18.92471,6611.221356761497,-1
366789123,2023-01-01 00:05:00+00:00,18.80991,72.75146,0.3,331.8,-7.7,320.2,72.94646,18.86533,21426.89876779951,-1
366789123,2023-01-01 00:05:00+00:00,18.95967,72.91855,1.0,1.0,-8.8,-251.0,72.7663,18.99681,16533.266663229988,-1
366789123,2023-01-01 00:10:00+00:00,18.98655,72.92609,1.4,7.4,-8.2,-286.70000000000005,72.78465,18.92798,16237.673597095618,-1
366789123,2023-01-01 00:10:00+00:00,18.9376,72.90632,8.0,22.8,7.5,-311.09999999999997,72.90245,18.92858,1082.427531255833,-1
366789123,2023-01-01 00:15:00+00:00,18.82063,72.88811,0.3,202.5,-6.2,190.2,72.89153,18.82483,589.6355224507679,-1
366789123,2023-01-01 00:15:00+00:00,18.91925,72.90035,9.7,357.3,1.0999999999999996,270.3,72.91069,18.94532,3096.146199072688,-1
366789123,2023-01-01 00:15:00+00:00,18.9546,72.78377,0.3,335.4,-8.399999999999999,134.99999999999997,72.81522,18.94325,3540.1706730449446,-1
366789123,2023-01-01 00:15:00+00:00,18.92655,72.8256,0.2,325.7,-7.7,238.7,72.85937,18.9299,3571.4797619340457,-1
366789123,2023-01-01 00:20:00+00:00,18.87451,72.90046,0.1,349.3,-8.5,255.0,72.76976,18.80119,15989.394545363639,-1
366789123,2023-01-01 00:30:00+00:00,18.9759,72.84969,0.2,5.6,-9.100000000000001,-193.20000000000002,72.94897,18.85579,16953.884359373595,-1
366789123,2023-01-01 00:30:00+00:00,18.84749,72.93291,0.3,265.9,-9.5,145.29999999999998,72.78956,18.96675,20081.237017783544,-1
366789123,2023-01-01 00:35:00+00:00,18.96413,72.87056,0.1,327.4,-7.6000000000000005,271.0,72.8306,18.97384,4338.547751279062,-1
366789123,2023-01-01 00:35:00+00:00,18.84471,72.91011,9.7,161.8,8.2,136.10000000000002,72.92929,18.84053,2071.249067148537,-1
366789123,2023-01-01 00:40:00+00:00,18.89897,72.75415,9.7,124.2,8.2,123.4,72.75702,18.88618,1453.88129001358,-1
366789123,2023-01-01 00:40:00+00:00,18.84655,72.91808,9.8,122.1,9.5,-19.099999999999994,72.91119,18.84285,833.6598628875354,-1
366789123,2023-01-01 00:45:00+00:00,18.81301,72.85334,8.5,1.3,1.5999999999999996,-327.4,72.86338,18.80412,1447.0546317922742,-1
366789123,2023-01-01 00:45:00+00:00,18.98957,72.84959,9.5,12.2,4.8,-291.1,72.85345,18.81449,19472.24219191522,-1
366789123,2023-01-01 00:45:00+00:00,18.80974,72.75147,9.0,100.0,8.0,-141.5,72.93849,18.99368,28379.74796913526,-1
366789123,2023-01-01 00:50:00+00:00,18.87749,72.78769,5.4,353.5,4.800000000000001,347.3,72.79773,18.90602,3343.6131972647045,-1
366789123,2023-01-01 00:50:00+00:00,18.80198,72.9162,9.5,343.8,2.5999999999999996,297.6,72.75059,18.9518,24106.943590606646,-1
366789123,2023-01-01 00:50:00+00:00,18.96651,72.77216,4.8,7.3,-4.7,-336.5,72.9162,18.80198,23756.25362094351,-1
366789123,2023-01-01 00:50:00+00:00,18.91027,72.91636,0.2,119.7,-8.700000000000001,93.5,72.89872,18.89584,2453.1920316964774,-1
366789123,2023-01-01 00:55:00+00:00,18.90166,72.81772,0.6,328.4,-9.0,226.49999999999997,72.85499,18.90715,3967.9370721146224,-1
366789123,2023-01-01 00:55:00+00:00,18.84158,72.88403,0.2,255.0,-6.8,192.7,72.86082,18.8436,2452.831866092805,-1
366789123,2023-01-01 01:00:00+00:00,18.83927,72.81544,0.1,304.2,-9.6,170.5,72.86828,18.88558,7578.284903170903,-1
366789123,2023-01-01 01:05:00+00:00,18.80539,72.90057,0.1,275.2,-8.8,27.19999999999999,72.89382,18.81527,1308.3253144184023,-1
366789123,2023-01-01 01:05:00+00:00,18.90898,72.89908,0.6,0.0,-7.0,-293.4,72.77803,18.96514,14180.641603116366,-1
366789123,2023-01-01 01:15:00+00:00,18.98206,72.76836,4.3,346.1,2.1999999999999997,345.8,72.94021,18.83091,24683.785503261865,-1
366789123,2023-01-01 01:30:00+00:00,18.83544,72.94184,0.6,127.7,-9.1,-204.2,72.79785,18.9846,22461.434916348688,-1
366789123,2023-01-01 01:40:00+00:00,18.97943,72.92161,0.5,191.4,-8.6,-167.4,72.81944,18.80229,22439.081983665732,-1
366789123,2023-01-01 01:50:00+00:00,18.88566,72.7792,10.0,349.8,8.1,191.10000000000002,72.76768,18.89111,1355.0509514395071,-1
366789123,2023-01-01 01:50:00+00:00,18.85905,72.83199,0.2,37.4,-9.3,-218.70000000000002,72.88162,18.90451,7267.581435711637,-1
366789123,2023-01-01 02:05:00+00:00,18.83868,72.80302,9.7,358.0,0.0,310.5,72.81415,18.84676,1476.1796919686178,-1
366789123,2023-01-01 02:15:00+00:00,18.95103,72.85186,0.1,351.5,-8.6,209.2,72.81577,18.95822,3878.714091612005,-1
366789123,2023-01-01 02:20:00+00:00,18.84166,72.87089,9.9,42.3,9.4,38.199999999999996,72.90368,18.84721,3505.3993508652156,-1
366789123,2023-01-01 02:25:00+00:00,18.81709,72.7967,9.4,354.7,7.4,320.0,72.81294,18.93622,13356.398465933225,-1
366789123,2023-01-01 02:30:00+00:00,18.82402,72.76264,1.2,20.0,-8.600000000000001,-301.5,72.79611,18.86822,6046.578542132725,-1
366789123,2023-01-01 02:30:00+00:00,18.99321,72.89122,0.7,79.8,-7.999999999999999,-249.7,72.79405,18.82665,21154.101108813644,-1
366789123,2023-01-01 02:30:00+00:00,18.99064,72.91799,10.0,207.2,9.4,189.5,72.87827,18.80042,21560.311053514823,-1
366789123,2023-01-01 02:40:00+00:00,18.84081,72.86016,9.9,358.0,4.7,287.7,72.8825,18.82465,2959.1548779460186,-1
366789123,2023-01-01 02:45:00+00:00,18.92409,72.86209,9.6,118.4,9.4,-90.1,72.86282,18.94375,2187.440189025996,-1
366789123,2023-01-01 02:55:00+00:00,18.93499,72.89891,1.0,330.8,-7.5,323.8,72.89485,18.89959,3959.3998828912468,-1
366789123,2023-01-01 02:55:00+00:00,18.82505,72.84419,8.1,319.9,7.3,263.9,72.86002,18.81948,1777.4828133116055,-1
366789123,2023-01-01 02:55:00+00:00,18.95778,72.94687,10.0,58.2,9.6,-145.89999999999998,72.75669,18.9207,20422.750706508526,-1
366789123,2023-01-01 03:05:00+00:00,18.99122,72.7647,0.2,256.6,-8.600000000000001,-94.19999999999999,72.78823,18.9814,2704.322887301051,-1
366789123,2023-01-01 03:10:00+00:00,18.95754,72.86359,7.9,0.1,7.5,-330.79999999999995,72.82713,18.95813,3834.8217468131456,-1
366789123,2023-01-01 03:20:00+00:00,18.81702,72.78857,0.1,316.3,-9.1,196.60000000000002,72.84496,18.86303,7835.222016983799,-1
366789123,2023-01-01 03:30:00+00:00,18.98384,72.75618,9.1,138.3,7.1,-189.0,72.94621,18.82937,26355.989572543127,-1
366789123,2023-01-01 03:35:00+00:00,18.90205,72.80901,0.7,14.8,-9.200000000000001,-311.09999999999997,72.86893,18.96679,9567.699023387599,-1
366789123,2023-01-01 03:35:00+00:00,18.93212,72.88176,9.6,325.2,8.9,310.4,72.80901,18.90205,8351.094834188536,-1
366789123,2023-01-01 03:40:00+00:00,18.80973,72.89223,9.9,300.8,8.700000000000001,-57.80000000000001,72.80953,18.97808,20642.719537107158,-1
366789123,2023-01-01 03:55:00+00:00,18.9687,72.76144,9.0,355.6,5.4,350.8,72.91326,18.9229,16759.570701353958,-1
366789123,2023-01-01 03:55:00+00:00,18.85259,72.93405,0.1,198.3,-4.2,175.9,72.9367,18.86051,923.7571157301097,-1
366789123,2023-01-01 03:55:00+00:00,18.83759,72.76454,0.8,356.0,-7.7,325.8,72.82244,18.99715,18758.499945839554,-1
366789123,2023-01-01 04:00:00+00:00,18.83089,72.9131,0.3,345.4,-5.1000000000000005,186.29999999999998,72.92966,18.82227,1989.052382408699,-1
366789123,2023-01-01 04:10:00+00:00,18.93072,72.94539,0.1,98.2,-7.800000000000001,90.2,72.76062,18.83104,22377.81607591108,-1
366789123,2023-01-01 04:15:00+00:00,18.97359,72.88169,0.2,59.0,-8.5,-299.6,72.81429,18.8752,13036.639858588382,-1
366789123,2023-01-01 04:15:00+00:00,18.92437,72.75086,2.0,0.1,-3.2,-323.59999999999997,72.91936,18.80028,22466.60678896679,-1
366789123,2023-01-01 04:15:00+00:00,18.82818,72.91109,6.7,356.0,5.0,299.9,72.75972,18.96356,21913.454535787027,-1
366789123,2023-01-01 04:20:00+00:00,18.82385,72.8401,0.8,23.6,-6.8,-295.0,72.93905,18.99043,21247.233973946484,-1
366789123,2023-01-01 04:35:00+00:00,18.88612,72.75669,9.6,14.6,8.9,-314.09999999999997,72.82423,18.864,7519.887172078582,-1
366789123,2023-01-01 04:40:00+00:00,18.92651,72.85282,9.9,357.9,8.5,319.9,72.83508,18.94071,2444.3023913131924,-1
366789123,2023-01-01 04:45:00+00:00,18.95226,72.83516,9.7,242.8,7.6,218.4,72.81923,18.95797,1791.5623391646632,-1
366789123,2023-01-01 04:50:00+00:00,18.81945,72.86098,9.9,149.5,8.700000000000001,-190.60000000000002,72.92169,18.98715,19710.738858162633,-1
366789123,2023-01-01 04:50:00+00:00,18.95085,72.85579,10.0,9.6,9.5,-267.09999999999997,72.82996,18.9789,4135.979810341746,-1
366789123,2023-01-01 04:55:00+00:00,18.88567,72.91401,0.6,3.9,-6.800000000000001,-321.40000000000003,72.75898,18.86946,16410.611919407103,-1
366789123,2023-01-01 04:55:00+00:00,18.80116,72.77692,0.2,338.9,-9.700000000000001,163.59999999999997,72.90841,18.9663,22990.68048722658,-1
366789123,2023-01-01 05:00:00+00:00,18.80665,72.78113,9.3,352.1,1.4000000000000004,127.70000000000002,72.90969,18.99903,25308.290602297242,-1
366789123,2023-01-01 05:05:00+00:00,18.93784,72.82783,9.7,6.4,9.1,-288.40000000000003,72.79727,18.82558,12890.180418746268,-1
366789123,2023-01-01 05:05:00+00:00,18.80316,72.75778,0.7,214.4,-7.6000000000000005,207.3,72.79239,18.99934,22115.981991670105,-1
366789123,2023-01-01 05:05:00+00:00,18.94782,72.76289,0.1,15.8,-6.300000000000001,-315.7,72.80642,18.9597,4764.66138595541,-1
366789123,2023-01-01 05:05:00+00:00,18.99572,72.94968,7.7,21.6,5.7,-164.9,72.77451,18.83876,25379.687653740926,-1
366789123,2023-01-01 05:05:00+00:00,18.97561,72.93752,0.5,32.4,-7.4,22.4,72.79076,18.82921,22435.767623261607,-1
366789123,2023-01-01 05:10:00+00:00,18.80458,72.84902,0.2,359.2,-2.3,210.79999999999998,72.92894,18.99528,22810.828823650092,-1
366789123,2023-01-01 05:10:00+00:00,18.84402,72.76768,7.2,1.1,1.5,-256.9,72.94094,18.99719,24944.311501089254,-1
366789123,2023-01-01 05:10:00+00:00,18.84308,72.84781,0.7,343.8,-8.4,33.80000000000001,72.83424,18.86079,2432.5084956515057,-1
366789123,2023-01-01 05:25:00+00:00,18.87002,72.8666,0.1,171.8,-9.0,156.10000000000002,72.89978,18.88747,3993.9796841345624,-1
366789123,2023-01-01 05:25:00+00:00,18.83212,72.81489,0.5,200.9,-9.3,184.9,72.81263,18.81791,1597.8826559972654,-1
366789123,2023-01-01 05:30:00+00:00,18.92549,72.79265,0.3,232.6,-8.6,162.39999999999998,72.79706,18.97008,4979.826899597847,-1
366789123,2023-01-01 05:40:00+00:00,18.93203,72.75333,8.0,338.7,7.3,300.3,72.77129,18.95196,2911.900858892051,-1
366789123,2023-01-01 05:45:00+00:00,18.9436,72.77998,9.4,358.2,6.4,317.8,72.78976,18.9244,2369.8295075087112,-1
366789123,2023-01-01 05:45:00+00:00,18.98613,72.84616,9.5,356.0,8.6,155.3,72.80556,18.98489,4271.154560148763,-1
366789123,2023-01-01 05:50:00+00:00,18.9992,72.85162,8.9,358.0,6.9,216.8,72.7541,18.81709,22699.9847397461,-1
366789123,2023-01-01 05:50:00+00:00,18.80827,72.90151,0.5,0.0,-5.0,-330.9,72.81659,18.95223,18332.252480461826,-1
366789123,2023-01-01 05:50:00+00:00,18.99386,72.94526,9.0,299.9,-0.40000000000000036,219.89999999999998,72.78633,18.81496,25985.501709836342,-1
366789123,2023-01-01 05:55:00+00:00,18.86903,72.87052,9.7,285.9,8.7,-70.60000000000002,72.86896,18.84764,2384.117361569606,-1
366789123,2023-01-01 06:00:00+00:00,18.93904,72.92185,10.0,4.3,8.0,-156.79999999999998,72.91792,18.91497,2708.1953383745285,-1
366789123,2023-01-01 06:05:00+00:00,18.93213,72.88208,0.4,349.0,-7.3999999999999995,82.89999999999998,72.88781,18.94767,1830.0454260321992,-1
366789123,2023-01-01 06:05:00+00:00,18.97025,72.88705,9.7,320.0,1.0999999999999996,313.5,72.89197,18.95027,2281.126395562291,-1
366789123,2023-01-01 06:05:00+00:00,18.83364,72.87964,1.7,4.4,-6.3,-336.40000000000003,72.91224,18.99746,18535.919866934557,-1
366789123,2023-01-01 06:05:00+00:00,18.90386,72.7991,0.4,50.5,-8.9,32.6,72.80335,18.88487,2158.409317903489,-1
366789123,2023-01-01 06:10:00+00:00,18.87602,72.7836,1.4,6.7,-8.299999999999999,-222.60000000000002,72.76474,18.86184,2534.58401503048,-1
366789123,2023-01-01 06:15:00+00:00,18.92764,72.81727,0.4,4.8,-9.1,-48.300000000000004,72.79439,18.91915,2585.1734310592556,-1
366789123,2023-01-01 06:15:00+00:00,18.86029,72.9456,0.3,281.3,-7.5,191.9,72.92262,18.86926,2615.640823906027,-1
366789123,2023-01-01 06:15:00+00:00,18.89878,72.7528,1.4,5.8,-8.2,-305.4,72.77529,18.85511,5401.743605073242,-1
366789123,2023-01-01 06:20:00+00:00,18.8985,72.76009,9.6,356.0,4.8999999999999995,295.3,72.93492,18.92207,18576.774321052035,-1
366789123,2023-01-01 06:20:00+00:00,18.9929,72.7549,2.1,55.9,-7.4,-227.20000000000002,72.92387,18.83728,24806.235990524645,-1
366789123,2023-01-01 06:25:00+00:00,18.99807,72.92642,0.9,357.1,-4.699999999999999,330.0,72.84636,18.83797,19693.704802738088,-1
366789123,2023-01-01 06:25:00+00:00,18.87104,72.84158,0.2,7.0,-9.8,-245.7,72.81204,18.83419,5143.19427783223,-1
366789123,2023-01-01 06:30:00+00:00,18.80584,72.85988,9.2,116.4,8.5,-200.6,72.75228,18.99864,24243.182321277167,-1
366789123,2023-01-01 06:30:00+00:00,18.98277,72.78106,0.2,297.9,-9.0,181.49999999999997,72.85988,18.80584,21349.816535289377,-1
366789123,2023-01-01 06:40:00+00:00,18.83395,72.83239,9.6,276.8,5.6,244.60000000000002,72.81508,18.83134,1844.7141049461284,-1
366789123,2023-01-01 06:40:00+00:00,18.9368,72.79971,1.5,319.6,-7.1,317.8,72.81575,18.95158,2355.1642749894395,-1
366789123,2023-01-01 06:45:00+00:00,18.82281,72.91425,5.6,329.2,-4.200000000000001,295.59999999999997,72.91106,18.83157,1030.303119211946,-1
366789123,2023-01-01 06:45:00+00:00,18.82755,72.80657,0.5,26.7,-8.7,-306.0,72.76217,18.9442,13786.39500423769,-1
366789123,2023-01-01 06:50:00+00:00,18.87297,72.76223,0.5,27.4,-8.5,-291.8,72.92682,18.82612,18086.549598205707,-1
366789123,2023-01-01 06:55:00+00:00,18.91932,72.90089,9.5,348.1,3.0,345.0,72.90072,18.90553,1533.4823109592105,-1
366789123,2023-01-01 06:55:00+00:00,18.90924,72.77609,9.9,336.2,6.6000000000000005,69.09999999999997,72.7697,18.90914,672.2823498290396,-1
366789123,2023-01-01 07:00:00+00:00,18.83761,72.8745,0.5,29.4,-8.7,-218.0,72.77027,18.98399,19625.154120392504,-1
366789123,2023-01-01 07:00:00+00:00,18.80338,72.77551,1.4,29.8,-7.1,-275.0,72.91177,18.98064,24372.0888341027,-1
366789123,2023-01-01 07:10:00+00:00,18.97469,72.80922,0.4,274.2,-9.2,67.6,72.91942,18.8155,21159.766529174856,-1
366789123,2023-01-01 07:15:00+00:00,18.89404,72.94924,0.9,288.1,-8.4,256.6,72.78621,18.9788,19566.50194478207,-1
366789123,2023-01-01 07:20:00+00:00,18.86827,72.91721,8.4,338.6,2.1000000000000005,331.20000000000005,72.92623,18.86313,1107.9015939021147,-1
366789123,2023-01-01 07:20:00+00:00,18.86259,72.87514,10.0,339.0,5.2,179.4,72.89718,18.86792,2393.620498178718,-1
366789123,2023-01-01 07:30:00+00:00,18.80413,72.9171,9.9,357.3,3.2,331.0,72.80372,18.89343,15522.654428080366,-1
366789123,2023-01-01 07:30:00+00:00,18.80963,72.78631,0.2,37.3,-9.700000000000001,-320.0,72.9171,18.80413,13780.30912443051,-1
366789123,2023-01-01 07:30:00+00:00,18.95551,72.79208,9.6,92.8,8.799999999999999,-218.39999999999998,72.78437,18.957,827.57237542454,-1
366789123,2023-01-01 07:40:00+00:00,18.87781,72.946,9.9,4.9,2.0,-345.8,72.76513,18.96593,21400.038910156985,-1
366789123,2023-01-01 07:50:00+00:00,18.85705,72.94885,9.8,255.7,7.9,68.69999999999999,72.75688,18.98255,24545.696771630057,-1
366789123,2023-01-01 07:55:00+00:00,18.95861,72.94605,9.9,235.6,9.5,-70.00000000000003,72.75884,18.80372,26164.675666651612,-1
366789123,2023-01-01 08:00:00+00:00,18.81087,72.83781,0.3,1.5,-9.0,-283.3,72.83117,18.86095,5612.315602967105,-1
366789123,2023-01-01 08:00:00+00:00,18.83928,72.80712,9.0,26.8,7.5,-318.5,72.80101,18.83751,672.4543948990156,-1
366789123,2023-01-01 08:10:00+00:00,18.87982,72.85802,9.6,299.7,4.8999999999999995,266.0,72.85338,18.8932,1565.8289631851756,-1
366789123,2023-01-01 08:15:00+00:00,18.82888,72.89638,8.1,0.8,6.6,-339.5,72.90256,18.84363,1764.3718597361508,-1
366789123,2023-01-01 08:15:00+00:00,18.95762,72.81068,9.4,290.2,9.0,106.69999999999999,72.82288,18.963,1415.5930033881448,-1
366789123,2023-01-01 08:20:00+00:00,18.99936,72.84718,0.1,332.1,-8.200000000000001,108.70000000000002,72.8312,18.82683,19257.96367165098,-1
366789123,2023-01-01 08:25:00+00:00,18.98563,72.93893,9.3,63.8,8.8,-277.9,72.80412,18.85671,20163.764699744213,-1
366789123,2023-01-01 08:25:00+00:00,18.92021,72.82041,9.9,88.3,9.3,-221.8,72.8459,18.94215,3624.8769612538094,-1
366789123,2023-01-01 08:30:00+00:00,18.91655,72.78061,0.3,347.4,-9.2,38.69999999999999,72.7733,18.82799,9877.414026563985,-1
366789123,2023-01-01 08:30:00+00:00,18.87323,72.76749,1.7,8.6,-7.3999999999999995,-261.5,72.94729,18.95798,21130.914613794786,-1
366789123,2023-01-01 08:35:00+00:00,18.80408,72.92239,1.5,352.9,-6.6,264.29999999999995,72.92158,18.80675,308.8902754406603,-1
366789123,2023-01-01 08:35:00+00:00,18.86266,72.87201,0.2,353.3,-8.4,263.0,72.85902,18.85015,1950.2404012347015,-1
366789123,2023-01-01 08:35:00+00:00,18.8255,72.78643,8.9,18.1,8.700000000000001,-335.2,72.87201,18.86266,9908.666875525725,-1
366789123,2023-01-01 08:40:00+00:00,18.81808,72.86539,8.6,353.4,7.0,349.9,72.92374,18.99958,21094.652170275043,-1
366789123,2023-01-01 08:40:00+00:00,18.87505,72.93303,0.5,17.2,-7.3,-324.2,72.83344,18.99183,16683.516718134193,-1
366789123,2023-01-01 08:45:00+00:00,18.93245,72.79252,0.1,69.6,-9.1,-289.9,72.77228,18.83973,10527.602189075953,-1
366789123,2023-01-01 08:45:00+00:00,18.93219,72.77954,0.3,3.7,-9.399999999999999,-173.10000000000002,72.94711,18.86897,18978.24149021902,-1
366789123,2023-01-01 08:50:00+00:00,18.98444,72.88301,9.5,136.7,8.1,82.1,72.87482,18.9937,1342.293045955865,-1
366789123,2023-01-01 09:00:00+00:00,18.9757,72.8698,8.5,2.6,7.5,-299.2,72.87944,18.97401,1030.9440287899838,-1
366789123,2023-01-01 09:05:00+00:00,18.99706,72.83782,0.3,246.4,-8.299999999999999,149.10000000000002,72.90879,18.80431,22695.969556766966,-1
366789123,2023-01-01 09:05:00+00:00,18.88129,72.80121,1.2,351.8,-8.700000000000001,313.7,72.82784,18.92859,5959.055177065332,-1
366789123,2023-01-01 09:10:00+00:00,18.97755,72.75432,9.4,2.3,1.6000000000000005,-302.59999999999997,72.94725,18.91636,21400.922918558954,-1
366789123,2023-01-01 09:10:00+00:00,18.81697,72.86538,5.9,353.8,-3.5,351.5,72.75432,18.97755,21338.553663984396,-1
366789123,2023-01-01 09:10:00+00:00,18.82995,72.75824,9.6,4.7,6.3999999999999995,-320.1,72.79959,18.81076,4847.045215934115,-1
366789123,2023-01-01 09:20:00+00:00,18.92803,72.79482,0.3,331.7,-8.5,291.8,72.77016,18.92639,2600.209801518069,-1
366789123,2023-01-01 09:25:00+00:00,18.92371,72.78184,9.9,359.8,8.4,186.20000000000002,72.77806,18.92149,467.99947814110016,-1
366789123,2023-01-01 09:25:00+00:00,18.93157,72.7707,9.6,352.3,7.5,325.7,72.77193,18.91451,1901.392245061901,-1
366789123,2023-01-01 09:25:00+00:00,18.8059,72.93169,0.2,286.3,-8.8,261.8,72.94767,18.97763,19169.367619885714,-1
366789123,2023-01-01 09:25:00+00:00,18.87549,72.7606,6.5,317.2,5.7,312.59999999999997,72.76385,18.88374,979.0147094517838,-1
366789123,2023-01-01 09:40:00+00:00,18.84183,72.86053,0.1,272.6,-9.4,-29.69999999999999,72.90237,18.86623,5171.61581168842,-1
366789123,2023-01-01 09:45:00+00:00,18.83049,72.85096,0.4,78.5,-9.0,72.9,72.81914,18.82096,3512.6002182543557,-1
366789123,2023-01-01 09:45:00+00:00,18.87247,72.93673,0.4,24.0,-8.6,-221.7,72.81637,18.91219,13410.602514362141,-1
366789123,2023-01-01 09:50:00+00:00,18.96055,72.84651,7.9,248.2,7.6000000000000005,232.6,72.84329,18.94867,1363.708911031103,-1
366789123,2023-01-01 09:50:00+00:00,18.98885,72.86079,0.2,346.5,-7.5,191.8,72.8878,18.81503,19535.645338941027,-1
366789123,2023-01-01 10:00:00+00:00,18.99792,72.92211,0.6,302.3,-8.5,279.90000000000003,72.7971,18.82038,23720.44248912557,-1
366789123,2023-01-01 10:15:00+00:00,18.8156,72.84921,0.3,354.7,-8.299999999999999,286.7,72.80273,18.8038,5065.218106559734,-1
366789123,2023-01-01 10:20:00+00:00,18.94368,72.88262,0.3,3.2,-7.8999999999999995,-287.90000000000003,72.83963,18.98879,6752.589848086848,-1
366789123,2023-01-01 10:20:00+00:00,18.96508,72.78291,0.2,337.8,-9.600000000000001,319.6,72.86445,18.81479,18784.690828215495,-1
366789123,2023-01-01 10:25:00+00:00,18.93816,72.78654,0.5,359.6,-5.9,298.70000000000005,72.94575,18.80037,22701.925891631763,-1
366789123,2023-01-01 10:25:00+00:00,18.97804,72.83362,0.1,340.8,-7.6000000000000005,309.1,72.88683,18.99064,5767.616980363075,-1
366789123,2023-01-01 10:30:00+00:00,18.88169,72.87875,0.4,0.5,-8.9,-232.7,72.87297,18.97038,9880.599915410656,-1
366789123,2023-01-01 10:30:00+00:00,18.89276,72.87506,2.2,3.4,-5.7,-346.8,72.87727,18.90005,843.2941119416959,-1
366789123,2023-01-01 10:35:00+00:00,18.88424,72.92817,8.8,358.5,7.800000000000001,324.2,72.81787,18.94972,13697.757824454911,-1
366789123,2023-01-01 10:35:00+00:00,18.99509,72.94625,1.9,15.7,-1.2000000000000002,-295.40000000000003,72.76641,18.85622,24418.606349624006,-1
366789123,2023-01-01 11:10:00+00:00,18.8529,72.86637,6.0,335.2,-1.5999999999999996,308.7,72.86081,18.84419,1131.52060006354,-1
366789123,2023-01-01 11:15:00+00:00,18.99531,72.94174,0.3,124.9,-0.8999999999999999,105.2,72.75714,18.82111,27428.05194023818,-1
366789123,2023-01-01 11:20:00+00:00,18.94215,72.80721,9.7,342.6,8.299999999999999,308.90000000000003,72.8949,18.92724,9370.891055126645,-1
366789123,2023-01-01 11:20:00+00:00,18.86156,72.78476,0.4,36.9,-8.799999999999999,-272.0,72.83122,18.93099,9137.39778690385,-1
366789123,2023-01-01 11:25:00+00:00,18.87802,72.85144,9.9,253.4,8.4,185.10000000000002,72.86056,18.89334,1955.1428673795458,-1
366789123,2023-01-01 11:30:00+00:00,18.82979,72.90566,9.9,343.0,6.7,211.8,72.9248,18.85131,3127.8114827818736,-1
366789123,2023-01-01 11:35:00+00:00,18.92952,72.81002,1.1,355.1,-7.800000000000001,326.70000000000005,72.77015,18.88196,6749.711748033938,-1
366789123,2023-01-01 11:40:00+00:00,18.85665,72.92435,9.9,291.5,7.9,-49.30000000000001,72.91136,18.84842,1644.9858638615756,-1
366789123,2023-01-01 11:45:00+00:00,18.90131,72.9299,9.8,292.6,9.5,212.40000000000003,72.89948,18.91806,3702.557637190703,-1
366789123,2023-01-01 11:50:00+00:00,18.97462,72.82946,2.2,357.6,-6.999999999999999,312.20000000000005,72.78819,18.97895,4366.231354596989,-1
366789123,2023-01-01 12:10:00+00:00,18.86239,72.7659,0.9,333.7,-7.799999999999999,309.7,72.94088,18.92115,19533.917134714637,-1
366789123,2023-01-01 12:15:00+00:00,18.87403,72.84474,0.2,98.4,-9.4,-253.29999999999998,72.86008,18.91848,5199.403444181163,-1
366789123,2023-01-01 12:15:00+00:00,18.90483,72.75671,9.9,156.3,8.9,-201.59999999999997,72.78243,18.93429,4248.553337020594,-1
366789123,2023-01-01 12:20:00+00:00,18.99103,72.91881,9.8,88.3,8.8,80.89999999999999,72.89421,18.97374,3222.8787992693983,-1
366789123,2023-01-01 12:25:00+00:00,18.9636,72.84289,8.7,281.8,7.8999999999999995,211.60000000000002,72.85111,18.95771,1084.5191483429414,-1
366789123,2023-01-01 12:30:00+00:00,18.99929,72.93644,4.6,3.6,3.9999999999999996,-277.29999999999995,72.80057,18.81338,25132.261288735826,-1
366789123,2023-01-01 12:30:00+00:00,18.97842,72.94394,0.3,355.8,-7.5,128.5,72.8757,18.81789,19239.638333096013,-1
366789123,2023-01-01 12:35:00+00:00,18.89476,72.87898,9.9,358.4,1.3000000000000007,343.5,72.80698,18.82969,10476.11951057037,-1
366789123,2023-01-01 12:40:00+00:00,18.99792,72.84132,9.8,11.4,5.200000000000001,-273.3,72.83675,18.81664,20163.148195482692,-1
366789123,2023-01-01 12:40:00+00:00,18.997,72.93702,0.7,207.9,-8.8,-20.599999999999994,72.75388,18.81133,28238.465147287003,-1
366789123,2023-01-01 12:40:00+00:00,18.80668,72.77833,7.9,313.3,6.2,277.8,72.78663,18.81153,1026.6805019231913,-1
366789123,2023-01-01 12:50:00+00:00,18.98605,72.76851,0.2,339.4,-7.1,100.59999999999997,72.84744,18.81262,20996.207211359408,-1
366789123,2023-01-01 12:55:00+00:00,18.82115,72.87781,9.9,341.1,8.0,143.20000000000002,72.87519,18.80983,1288.5796801090378,-1
366789123,2023-01-01 13:00:00+00:00,18.85779,72.75047,9.5,207.4,8.6,161.60000000000002,72.75874,18.87896,2509.67951100064,-1
366789123,2023-01-01 13:10:00+00:00,18.91131,72.87547,0.2,358.3,-8.600000000000001,66.90000000000003,72.91998,18.80973,12227.704022146518,-1
366789123,2023-01-01 13:10:00+00:00,18.98321,72.94373,0.6,27.9,-8.5,-285.90000000000003,72.83051,18.82758,21007.820139301202,-1
366789123,2023-01-01 13:10:00+00:00,18.88501,72.86914,0.6,3.7,-1.2000000000000002,-311.2,72.86602,18.90108,1816.7994294685784,-1
366789123,2023-01-01 13:15:00+00:00,18.8321,72.76315,8.2,37.3,7.8999999999999995,-321.9,72.92402,18.91875,19476.217746087626,-1
366789123,2023-01-01 13:15:00+00:00,18.96614,72.94408,0.2,305.1,-7.3,122.30000000000001,72.77533,18.83164,23212.6702615563,-1
366789123,2023-01-01 13:15:00+00:00,18.87229,72.92742,9.6,8.7,8.4,-310.90000000000003,72.88808,18.98707,13416.952311289979,-1
366789123,2023-01-01 13:25:00+00:00,18.80009,72.81486,0.1,15.0,-9.8,-79.4,72.85401,18.9861,21089.470601391455,-1
366789123,2023-01-01 13:30:00+00:00,18.84626,72.79851,1.8,12.8,-8.2,-319.4,72.82633,18.84248,2957.6508074672474,-1
366789123,2023-01-01 13:30:00+00:00,18.92973,72.87669,0.2,1.7,-9.700000000000001,-38.9,72.91983,18.96834,6246.292551492362,-1
366789123,2023-01-01 13:35:00+00:00,18.99874,72.75148,1.4,304.3,-7.9,295.2,72.80853,18.80334,22541.142770148286,-1
366789123,2023-01-01 13:35:00+00:00,18.81364,72.94645,5.7,357.7,-1.7000000000000002,304.59999999999997,72.7767,18.97336,25186.122516554955,-1
366789123,2023-01-01 13:50:00+00:00,18.84222,72.7917,0.5,34.7,-7.9,-305.5,72.84318,18.84004,5423.013091277534,-1
366789123,2023-01-01 13:55:00+00:00,18.95037,72.8235,9.5,21.9,9.1,-329.1,72.90887,18.85162,14185.45738154421,-1
366789123,2023-01-01 13:55:00+00:00,18.88714,72.85142,9.8,186.3,8.3,-165.7,72.82912,18.88946,2360.2618585672694,-1
366789123,2023-01-01 13:55:00+00:00,18.85259,72.93789,0.2,17.6,-9.5,-217.70000000000002,72.92663,18.91754,7318.626277611145,-1
366789123,2023-01-01 13:55:00+00:00,18.90935,72.75306,2.6,358.8,2.4,341.2,72.93789,18.85259,20444.872640580656,-1
366789123,2023-01-01 14:00:00+00:00,18.97219,72.82977,0.1,341.7,-8.200000000000001,125.6,72.83252,18.93647,3982.3978606868454,-1
366789123,2023-01-01 14:00:00+00:00,18.99243,72.7963,0.3,285.9,-9.1,62.19999999999999,72.79676,18.81887,19299.052135242346,-1
366789123,2023-01-01 14:05:00+00:00,18.95318,72.79513,9.7,357.0,6.199999999999999,301.4,72.79102,18.93068,2538.9533659308213,-1
366789123,2023-01-01 14:05:00+00:00,18.92432,72.8357,9.1,352.8,8.9,315.1,72.89704,18.90817,6697.575164920548,-1
366789123,2023-01-01 14:15:00+00:00,18.83542,72.85336,0.1,49.1,-9.0,-300.09999999999997,72.80338,18.9583,14640.399309248733,-1
366789123,2023-01-01 14:15:00+00:00,18.93316,72.89431,8.4,352.7,-0.5,301.9,72.898,18.93444,413.3840648111201,-1
366789123,2023-01-01 14:20:00+00:00,18.97862,72.75126,9.7,338.7,3.3999999999999995,281.4,72.94028,18.90115,21666.22927445947,-1
366789123,2023-01-01 14:25:00+00:00,18.96071,72.89819,0.4,6.0,-6.699999999999999,-200.3,72.76904,18.80809,21740.03820774576,-1
366789123,2023-01-01 14:35:00+00:00,18.92547,72.82188,7.6,353.9,6.3999999999999995,327.29999999999995,72.83579,18.9531,3402.859732237842,-1
366789123,2023-01-01 14:45:00+00:00,18.84474,72.81512,6.7,356.8,-0.7999999999999998,353.1,72.79206,18.84109,2460.4410785488412,-1
366789123,2023-01-01 14:55:00+00:00,18.82282,72.9298,9.7,244.3,9.399999999999999,167.5,72.94108,18.85156,3409.101527991689,-1
366789123,2023-01-01 14:55:00+00:00,18.85186,72.8105,9.9,290.7,7.9,86.89999999999998,72.81422,18.86139,1129.67563570131,-1
366789123,2023-01-01 15:05:00+00:00,18.88572,72.90866,9.8,280.5,9.200000000000001,237.6,72.92703,18.92479,4754.796989633719,-1
366789123,2023-01-01 15:05:00+00:00,18.96307,72.75088,8.3,313.7,7.9,283.4,72.91723,18.82359,23384.136987183738,-1
366789123,2023-01-01 15:10:00+00:00,18.85013,72.82803,0.2,337.6,-8.8,126.10000000000002,72.8443,18.90076,5884.307906531571,-1
366789123,2023-01-01 15:10:00+00:00,18.96463,72.86297,0.4,280.6,-9.2,254.50000000000003,72.91591,18.96155,5577.703630928662,-1
366789123,2023-01-01 15:15:00+00:00,18.88157,72.90932,0.3,358.8,-1.7,304.5,72.91549,18.82717,6083.74787085744,-1
366789123,2023-01-01 15:15:00+00:00,18.99842,72.77925,1.8,348.8,-8.1,343.3,72.90843,18.87805,19072.013911079193,-1
366789123,2023-01-01 15:15:00+00:00,18.9518,72.78073,0.2,348.1,-6.3,280.0,72.78393,18.94654,674.796575980067,-1
366789123,2023-01-01 15:25:00+00:00,18.82485,72.89263,9.0,13.0,8.6,-257.2,72.75042,18.95619,20907.60304215621,-1
366789123,2023-01-01 15:30:00+00:00,18.91926,72.92364,9.5,7.0,8.8,-325.5,72.83594,18.91484,9238.17300474719,-1
366789123,2023-01-01 15:30:00+00:00,18.94285,72.82121,9.5,34.7,0.40000000000000036,-310.90000000000003,72.80931,18.94683,1327.4845626543245,-1
366789123,2023-01-01 15:40:00+00:00,18.85622,72.90184,9.8,31.4,8.5,-321.6,72.83847,18.94515,11925.84542120409,-1
366789123,2023-01-01 15:45:00+00:00,18.81274,72.80719,0.7,47.8,-8.8,-301.2,72.82531,18.902,10106.745284069004,-1
366789123,2023-01-01 15:45:00+00:00,18.96196,72.76855,0.4,110.8,-8.5,-227.09999999999997,72.77545,18.93008,3618.4093062249135,-1
366789123,2023-01-01 15:55:00+00:00,18.93888,72.84917,0.1,188.3,-9.8,160.9,72.81781,18.9655,4431.558396124214,-1
366789123,2023-01-01 16:05:00+00:00,18.92631,72.90412,1.8,353.6,-7.7,168.40000000000003,72.91432,18.92861,1102.924106078286,-1
366789123,2023-01-01 16:05:00+00:00,18.99707,72.78421,8.8,341.8,6.300000000000001,327.8,72.77847,18.96353,3778.0002699125816,-1
366789123,2023-01-01 16:10:00+00:00,18.96824,72.8466,0.3,335.0,-9.6,-9.0,72.90744,18.93628,7319.045815676084,-1
366789123,2023-01-01 16:15:00+00:00,18.83038,72.80972,0.2,41.9,-9.3,-262.20000000000005,72.76908,18.89373,8240.594961507526,-1
366789123,2023-01-01 16:20:00+00:00,18.91502,72.76077,1.2,334.9,-7.8999999999999995,247.29999999999998,72.94411,18.80099,23085.91145586873,-1
366789123,2023-01-01 16:20:00+00:00,18.80585,72.84959,9.8,2.9,8.4,-256.6,72.76011,18.96154,19706.09922279934,-1
366789123,2023-01-01 16:40:00+00:00,18.94002,72.9071,5.1,356.7,4.8999999999999995,351.09999999999997,72.887,18.94311,2141.7325207284957,-1
366789123,2023-01-01 16:40:00+00:00,18.97839,72.77698,9.5,5.5,5.5,-243.8,72.94171,18.86529,21410.16478871674,-1
366789123,2023-01-01 16:45:00+00:00,18.94872,72.84921,0.2,74.4,-8.700000000000001,-273.20000000000005,72.78707,18.93767,6649.931239770703,-1
366789123,2023-01-01 16:45:00+00:00,18.98839,72.77802,0.1,182.4,-7.7,-175.99999999999997,72.91848,18.87363,19521.69182498951,-1
366789123,2023-01-01 16:45:00+00:00,18.89941,72.82308,0.2,351.9,-8.8,93.39999999999998,72.84242,18.88309,2726.3586809184562,-1
366789123,2023-01-01 16:55:00+00:00,18.93162,72.81177,1.0,2.1,0.8,-308.5,72.81216,18.95964,3115.951817829996,-1
366789123,2023-01-01 17:00:00+00:00,18.963,72.8737,8.4,327.5,6.800000000000001,254.2,72.88197,18.96398,876.4730150189894,-1
366789123,2023-01-01 17:00:00+00:00,18.85013,72.86784,10.0,341.9,8.6,286.4,72.7509,18.96774,17954.090421702254,-1
366789123,2023-01-01 17:05:00+00:00,18.98705,72.78632,0.4,317.5,-8.4,155.9,72.77092,18.97705,1964.308150363387,-1
366789123,2023-01-01 17:05:00+00:00,18.93328,72.83002,1.4,359.8,-4.800000000000001,262.20000000000005,72.83229,18.94536,1364.2873259175337,-1
366789123,2023-01-01 17:20:00+00:00,18.82044,72.90463,0.1,293.1,-9.700000000000001,239.20000000000002,72.90491,18.86191,4611.347753109979,-1
366789123,2023-01-01 17:20:00+00:00,18.98738,72.94995,9.1,101.8,6.0,-221.7,72.78001,18.82557,25363.64169785107,-1
366789123,2023-01-01 17:25:00+00:00,18.81115,72.80287,8.9,359.1,8.5,341.6,72.86133,18.85869,8111.453487371193,-1
366789123,2023-01-01 17:25:00+00:00,18.82046,72.87333,0.2,336.6,-9.200000000000001,317.40000000000003,72.90437,18.82067,3267.034952705762,-1
366789123,2023-01-01 17:30:00+00:00,18.98245,72.76871,1.4,41.4,-2.0,-297.5,72.94125,18.8206,25560.667399137732,-1
366789123,2023-01-01 17:35:00+00:00,18.84975,72.90401,9.9,343.6,3.5,251.8,72.89284,18.86423,1993.4790765725415,-1
366789123,2023-01-01 17:40:00+00:00,18.96682,72.92561,9.4,317.9,6.6000000000000005,298.2,72.90414,18.94834,3052.9474458922823,-1
366789123,2023-01-01 17:40:00+00:00,18.96397,72.79452,9.4,114.3,8.5,-225.39999999999998,72.80171,18.94291,2460.816902677975,-1
366789123,2023-01-01 17:40:00+00:00,18.98853,72.92359,8.4,1.6,4.5,-247.6,72.80284,18.8069,23859.15931204342,-1
366789123,2023-01-01 17:55:00+00:00,18.8386,72.83399,5.0,359.9,4.9,337.7,72.82217,18.86799,3496.7140494592863,-1
366789123,2023-01-01 18:10:00+00:00,18.84669,72.75844,9.9,1.5,0.3000000000000007,-240.8,72.90871,18.99234,22630.558263175702,-1
366789123,2023-01-01 18:15:00+00:00,18.96708,72.85007,7.8,296.8,7.2,271.1,72.84004,18.97494,1369.7692394824116,-1
366789123,2023-01-01 18:15:00+00:00,18.97104,72.80239,0.4,306.4,-7.5,49.799999999999955,72.9185,18.80002,22602.110583141726,-1
366789123,2023-01-01 18:25:00+00:00,18.89173,72.81396,0.1,68.2,-9.5,-199.0,72.80193,18.90634,2059.3288861740507,-1
366789123,2023-01-01 18:25:00+00:00,18.96373,72.90377,0.1,196.1,-7.2,181.6,72.93065,18.97995,3352.9585579738323,-1
366789123,2023-01-01 18:40:00+00:00,18.85365,72.89616,10.0,14.4,8.7,-79.39999999999999,72.91232,18.84871,1787.0425239909518,-1
366789123,2023-01-01 18:40:00+00:00,18.81325,72.76122,0.5,326.3,-4.6,308.7,72.93221,18.96862,24941.532179381382,-1
366789123,2023-01-01 18:55:00+00:00,18.97176,72.8086,0.9,296.7,-8.6,249.6,72.81634,18.95042,2508.6185174173543,-1
366789123,2023-01-01 18:55:00+00:00,18.81216,72.88104,0.3,210.2,-7.8999999999999995,138.79999999999998,72.88682,18.80197,1286.0804958633382,-1
366789123,2023-01-01 19:05:00+00:00,18.84335,72.88321,9.8,201.1,9.3,200.0,72.9224,18.85463,4310.5581210273685,-1
366789123,2023-01-01 19:15:00+00:00,18.87923,72.92629,9.7,130.1,9.2,87.39999999999999,72.93359,18.85506,2795.18986832858,-1
366789123,2023-01-01 19:15:00+00:00,18.89012,72.8619,0.2,351.5,-9.0,74.30000000000001,72.87729,18.84858,4894.661457504294,-1
366789123,2023-01-01 19:20:00+00:00,18.89312,72.94759,1.1,27.0,-8.200000000000001,-177.0,72.75022,18.99295,23539.66203977201,-1
366789123,2023-01-01 19:25:00+00:00,18.99134,72.90284,9.0,69.5,8.3,-239.5,72.78219,18.82709,22240.581220066422,-1
366789123,2023-01-01 19:25:00+00:00,18.83461,72.84945,6.4,358.6,-3.1999999999999993,350.6,72.84778,18.83553,203.35651885521523,-1
366789123,2023-01-01 19:25:00+00:00,18.99664,72.75772,0.1,310.4,-9.0,113.49999999999997,72.89512,18.89318,18470.692047676253,-1
366789123,2023-01-01 19:25:00+00:00,18.94068,72.82597,9.8,236.7,9.5,203.89999999999998,72.84758,18.91637,3531.778480527467,-1
366789123,2023-01-01 19:30:00+00:00,18.84345,72.83664,4.0,358.9,-5.6,345.7,72.83364,18.81531,3144.9143088177107,-1
366789123,2023-01-01 19:35:00+00:00,18.98692,72.7558,0.9,329.5,-8.9,118.80000000000001,72.78063,18.98502,2619.302809638187,-1
366789123,2023-01-01 19:35:00+00:00,18.99465,72.75996,2.4,21.3,-7.4,-166.6,72.94401,18.81224,28040.604304688884,-1
366789123,2023-01-01 19:35:00+00:00,18.82958,72.82552,0.6,14.3,-8.4,-267.59999999999997,72.85485,18.86573,5067.967890912026,-1
366789123,2023-01-01 19:35:00+00:00,18.86583,72.92881,9.8,187.9,8.600000000000001,112.30000000000001,72.93367,18.8847,2159.6577351588508,-1
366789123,2023-01-01 19:35:00+00:00,18.83688,72.76641,1.0,355.5,-7.800000000000001,267.1,72.93392,18.95513,21987.30715659053,-1
366789123,2023-01-01 19:40:00+00:00,18.9841,72.84504,0.3,296.6,-9.7,54.50000000000003,72.82957,18.99492,2023.1779854687359,-1
366789123,2023-01-01 19:40:00+00:00,18.93416,72.91619,2.8,334.9,-7.1000000000000005,240.99999999999997,72.91265,18.93749,525.1043923739633,-1
366789123,2023-01-01 19:45:00+00:00,18.80509,72.88019,5.9,2.2,5.300000000000001,-303.3,72.8093,18.9976,22667.98988617706,-1
366789123,2023-01-01 19:50:00+00:00,18.99641,72.937,2.1,330.6,-7.6,256.20000000000005,72.79058,18.80232,26514.907687349092,-1
366789123,2023-01-01 19:50:00+00:00,18.88223,72.76826,10.0,8.1,1.1999999999999993,-290.59999999999997,72.76586,18.85007,3584.9343169560343,-1
366789123,2023-01-01 19:55:00+00:00,18.87985,72.89875,0.4,213.2,-9.5,159.6,72.89525,18.89737,1982.6295255831114,-1
366789123,2023-01-01 19:55:00+00:00,18.95315,72.90822,9.0,241.0,8.3,215.9,72.77015,18.80355,22084.922676849113,-1
366789123,2023-01-01 19:55:00+00:00,18.89313,72.90869,9.2,10.5,0.3999999999999986,-335.3,72.89243,18.89654,1752.123336042318,-1
366789123,2023-01-01 20:10:00+00:00,18.82059,72.86938,3.3,351.2,-6.500000000000001,216.79999999999998,72.86558,18.8226,458.1596514873508,-1
366789123,2023-01-01 20:10:00+00:00,18.93271,72.8339,9.7,50.7,9.299999999999999,-87.3,72.82372,18.93203,1073.3940593428129,-1
366789123,2023-01-01 20:10:00+00:00,18.96035,72.90831,0.1,54.2,-8.6,40.300000000000004,72.773,18.80482,22399.849531671323,-1
366789123,2023-01-01 20:25:00+00:00,18.81262,72.80372,9.7,346.6,9.2,90.70000000000002,72.88527,18.99642,22165.12294442844,-1
366789123,2023-01-01 20:25:00+00:00,18.92817,72.81156,0.3,110.6,-9.6,-221.79999999999998,72.93318,18.86313,14697.24327858436,-1
366789123,2023-01-01 20:25:00+00:00,18.88172,72.757,0.5,1.1,-3.8,-342.79999999999995,72.80168,18.89383,4889.743574150094,-1
366789123,2023-01-01 20:30:00+00:00,18.90719,72.75685,0.3,345.4,-4.8,317.0,72.75335,18.9409,3766.4163241814194,-1
366789123,2023-01-01 20:30:00+00:00,18.95477,72.79268,9.9,5.4,8.4,-338.6,72.91156,18.89802,14006.240231341915,-1
366789123,2023-01-01 20:30:00+00:00,18.83287,72.91767,9.7,278.3,8.799999999999999,175.60000000000002,72.9293,18.87405,4739.728674342959,-1
366789123,2023-01-01 20:30:00+00:00,18.81026,72.84903,0.7,358.1,-8.8,208.3,72.89326,18.98431,19904.976224690294,-1
366789123,2023-01-01 20:30:00+00:00,18.98128,72.9476,10.0,11.5,9.8,-296.3,72.79999,18.87218,19703.5254604872,-1
366789123,2023-01-01 20:35:00+00:00,18.85795,72.86803,0.3,357.2,-8.0,51.30000000000001,72.8483,18.90474,5601.632618703944,-1
366789123,2023-01-01 20:55:00+00:00,18.97674,72.75018,0.8,3.5,-0.7,-355.6,72.75684,18.97586,707.114362439308,-1
366789123,2023-01-01 20:55:00+00:00,18.94568,72.81715,0.2,337.3,-9.4,255.8,72.92333,18.85177,15291.026656695623,-1
366789123,2023-01-01 21:00:00+00:00,18.85774,72.88881,0.7,2.9,-7.8,-323.3,72.83789,18.94743,11320.616845116792,-1
366789123,2023-01-01 21:05:00+00:00,18.95009,72.865,0.8,286.3,-8.0,71.60000000000002,72.86719,18.9482,311.79138829887995,-1
366789123,2023-01-01 21:10:00+00:00,18.81009,72.76731,0.2,250.0,-7.6,177.1,72.77884,18.99458,20550.178956018925,-1
366789123,2023-01-01 21:10:00+00:00,18.83744,72.81591,0.2,18.4,-6.7,-297.20000000000005,72.82465,18.80828,3370.4012181635503,-1
366789123,2023-01-01 21:15:00+00:00,18.86788,72.75049,9.6,340.7,8.7,206.2,72.93701,18.83853,19896.840781174873,-1
366789123,2023-01-01 21:20:00+00:00,18.98311,72.80543,0.2,337.9,-9.4,270.5,72.75846,18.92815,7857.941598984006,-1
366789123,2023-01-01 21:25:00+00:00,18.93735,72.76682,9.9,351.5,5.1000000000000005,174.7,72.7656,18.95813,2314.190224950925,-1
366789123,2023-01-01 21:25:00+00:00,18.85031,72.79927,9.3,346.4,3.500000000000001,342.0,72.8052,18.8645,1696.7610499846928,-1
366789123,2023-01-01 21:25:00+00:00,18.80757,72.81843,9.6,25.4,4.699999999999999,-141.4,72.93879,18.99234,24133.785142328208,-1
366789123,2023-01-01 21:25:00+00:00,18.99685,72.76211,1.6,44.6,-5.800000000000001,-301.0,72.92525,18.82543,25648.165337843322,-1
366789123,2023-01-01 21:30:00+00:00,18.94938,72.85714,0.2,350.3,-8.200000000000001,154.0,72.86323,18.96827,2195.9392088026843,-1
366789123,2023-01-01 21:35:00+00:00,18.94522,72.93679,9.2,353.2,6.6,306.2,72.82573,18.80136,19809.98991250224,-1
366789123,2023-01-01 21:35:00+00:00,18.84853,72.81932,1.5,330.2,-7.4,305.4,72.80973,18.8334,1961.8689059984677,-1
366789123,2023-01-01 21:40:00+00:00,18.96345,72.81571,0.7,340.8,-7.3999999999999995,309.5,72.90948,18.81478,19251.19000434467,-1
366789123,2023-01-01 21:40:00+00:00,18.95629,72.84709,7.2,348.9,6.6000000000000005,286.0,72.84392,18.9596,496.58722296397445,-1
366789123,2023-01-01 21:50:00+00:00,18.81382,72.8123,9.1,345.4,8.9,178.7,72.91988,18.99983,23576.996448679765,-1
366789123,2023-01-01 21:55:00+00:00,18.90847,72.94079,9.9,4.2,9.200000000000001,-173.20000000000002,72.78667,18.86392,16954.568160445655,-1
366789123,2023-01-01 22:00:00+00:00,18.80645,72.89144,9.2,46.0,8.5,-238.89999999999998,72.77265,18.96558,21663.0297069259,-1
366789123,2023-01-01 22:00:00+00:00,18.95398,72.91342,0.2,223.2,-8.100000000000001,204.0,72.91073,18.9657,1333.5541866507026,-1
366789123,2023-01-01 22:05:00+00:00,18.92344,72.82153,0.3,17.2,-8.5,-316.7,72.7763,18.86274,8258.234194283652,-1
366789123,2023-01-01 22:15:00+00:00,18.93697,72.91962,0.2,298.9,-3.1999999999999997,267.5,72.92076,18.91963,1931.844887760703,-1
366789123,2023-01-01 22:20:00+00:00,18.83733,72.94956,0.3,27.5,-7.8,-264.3,72.89983,18.81047,6026.171308265907,-1
366789123,2023-01-01 22:25:00+00:00,18.88532,72.88809,10.0,314.3,8.8,290.0,72.85537,18.9287,5925.774286152798,-1
366789123,2023-01-01 22:30:00+00:00,18.84372,72.77782,0.8,284.6,-7.3999999999999995,224.3,72.76344,18.84011,1565.63278934415,-1
366789123,2023-01-01 22:30:00+00:00,18.97823,72.87845,0.4,25.7,-7.799999999999999,-294.7,72.89569,18.84347,15093.97129196823,-1
366789123,2023-01-01 22:40:00+00:00,18.92686,72.90297,0.9,24.8,-8.5,-268.0,72.80637,18.96635,11067.8180758919,-1
366789123,2023-01-01 22:40:00+00:00,18.81077,72.94532,1.8,354.8,-5.2,320.40000000000003,72.76513,18.99897,28235.472084720634,-1
366789123,2023-01-01 22:40:00+00:00,18.98789,72.87064,9.6,354.7,7.8,-0.10000000000002274,72.94532,18.81077,21203.9913974607,-1
366789123,2023-01-01 22:45:00+00:00,18.90268,72.77699,0.2,3.4,-9.100000000000001,-272.6,72.88315,18.98113,14168.877188626242,-1
366789123,2023-01-01 23:00:00+00:00,18.99828,72.83081,9.7,207.7,8.6,203.79999999999998,72.80807,18.81411,20618.011889879137,-1
366789123,2023-01-01 23:05:00+00:00,18.87077,72.80971,10.0,15.1,9.0,-1.0000000000000018,72.81637,18.83878,3625.5058259114326,-1
366789123,2023-01-01 23:15:00+00:00,18.99243,72.77102,0.9,70.2,-3.9,-242.5,72.94007,18.80948,27020.554082886472,-1
366789123,2023-01-01 23:20:00+00:00,18.94406,72.78499,9.9,357.4,1.0999999999999996,336.59999999999997,72.76137,18.97832,4547.790355117755,-1
366789123,2023-01-01 23:25:00+00:00,18.98919,72.78356,9.8,5.2,4.1000000000000005,-285.40000000000003,72.86339,18.81401,21212.3356068694,-1
366789123,2023-01-01 23:25:00+00:00,18.98291,72.77354,1.3,268.0,-8.5,262.8,72.78356,18.98919,1263.9686435578483,-1
366789123,2023-01-01 23:30:00+00:00,18.99586,72.86398,9.9,198.6,9.4,132.89999999999998,72.76996,18.81604,22307.52351651524,-1
366789123,2023-01-01 23:30:00+00:00,18.90736,72.76965,0.6,307.6,-8.8,120.70000000000002,72.75034,18.91897,2406.7796531445906,-1
366789123,2023-01-01 23:30:00+00:00,18.99189,72.86904,9.9,354.5,8.3,56.80000000000001,72.8071,18.80774,21488.329047438765,-1
366789123,2023-01-01 23:40:00+00:00,18.97693,72.94073,8.4,305.7,7.9,137.29999999999998,72.7586,18.8125,26484.471811615054,-1
366789123,2023-01-01 23:40:00+00:00,18.90953,72.77022,0.3,226.9,-0.8,201.20000000000002,72.75725,18.91085,1372.2319081690196,-1
366789123,2023-01-01 23:40:00+00:00,18.89242,72.92731,0.3,300.0,-9.299999999999999,260.7,72.84494,18.81453,12253.23739647823,-1
366789123,2023-01-01 23:50:00+00:00,18.97271,72.7523,0.3,340.1,-9.1,118.70000000000002,72.89875,18.83771,21510.128439771866,-1
374567890,2023-01-01 00:00:00+00:00,18.89629,72.89261,0.3,226.4,-9.6,61.5,72.89267,18.91005,1530.0552097413808,-1
374567890,2023-01-01 00:00:00+00:00,18.9986,72.79715,0.2,302.3,-7.3999999999999995,216.4,72.82104,18.82403,19573.296719271468,-1
374567890,2023-01-01 00:05:00+00:00,18.84949,72.75681,9.8,350.7,8.0,309.7,72.82476,18.91738,10396.947646926865,-1
374567890,2023-01-01 00:05:00+00:00,18.81164,72.89366,0.4,354.6,-7.5,174.60000000000002,72.88049,18.80823,1437.1490608251916,-1
374567890,2023-01-01 00:05:00+00:00,18.80083,72.81678,0.9,349.2,-9.0,312.7,72.88986,18.87727,11462.723684077007,-1
374567890,2023-01-01 00:10:00+00:00,18.82978,72.79481,9.5,189.4,8.7,156.60000000000002,72.94029,18.98761,23285.218127073866,-1
374567890,2023-01-01 00:15:00+00:00,18.96953,72.94245,8.4,91.9,7.9,-223.4,72.753,18.85852,23441.650848406098,-1
374567890,2023-01-01 00:20:00+00:00,18.91468,72.83973,0.6,357.4,-7.700000000000001,301.79999999999995,72.82106,18.87129,5209.235369499547,-1
374567890,2023-01-01 00:25:00+00:00,18.99406,72.75594,10.0,359.1,6.4,123.90000000000003,72.91459,18.83132,24616.51002327549,-1
374567890,2023-01-01 00:25:00+00:00,18.80665,72.79765,9.7,19.5,8.1,-172.6,72.84781,18.9904,21102.482095939155,-1
374567890,2023-01-01 00:45:00+00:00,18.81907,72.88053,8.9,349.4,7.800000000000001,319.9,72.93399,18.99387,20234.099450422294,-1
374567890,2023-01-01 00:50:00+00:00,18.84597,72.92717,0.7,323.7,-9.0,318.8,72.92002,18.8584,1573.671914444093,-1
374567890,2023-01-01 00:55:00+00:00,18.81074,72.94868,2.6,354.4,1.2000000000000002,333.9,72.78908,18.97978,25203.58703412875,-1
374567890,2023-01-01 00:55:00+00:00,18.89006,72.77058,0.6,18.9,-2.0,-335.5,72.94868,18.81074,20713.31214487508,-1
374567890,2023-01-01 00:55:00+00:00,18.88339,72.77658,1.4,346.0,-5.199999999999999,296.3,72.77576,18.88452,152.416792015166,-1
374567890,2023-01-01 01:00:00+00:00,18.89922,72.79656,0.1,90.8,-8.4,-152.3,72.78959,18.88566,1676.6528356855017,-1
374567890,2023-01-01 01:05:00+00:00,18.89371,72.94225,1.5,330.0,-6.699999999999999,322.2,72.77799,18.98395,19978.739162701313,-1
374567890,2023-01-01 01:15:00+00:00,18.95412,72.86709,0.2,336.4,-8.100000000000001,279.2,72.81025,18.97086,6260.450486041254,-1
374567890,2023-01-01 01:15:00+00:00,18.95808,72.8305,0.2,339.7,-8.200000000000001,305.3,72.75082,18.93161,8881.942568101027,-1
374567890,2023-01-01 01:15:00+00:00,18.84627,72.80741,0.4,352.8,-9.4,143.5,72.77274,18.89315,6362.463180076295,-1
374567890,2023-01-01 01:25:00+00:00,18.86312,72.82444,9.9,315.0,9.8,178.4,72.83803,18.82888,4067.0512524743663,-1
374567890,2023-01-01 01:35:00+00:00,18.83808,72.77665,9.9,31.1,8.8,-301.5,72.9074,18.83185,13777.648892223871,-1
374567890,2023-01-01 01:35:00+00:00,18.99201,72.87502,3.1,2.5,2.2,-349.1,72.76133,18.80268,24212.79435823587,-1
374567890,2023-01-01 01:45:00+00:00,18.95201,72.80351,10.0,102.1,9.3,-196.50000000000003,72.91476,18.81152,19520.277501552966,-1
374567890,2023-01-01 02:00:00+00:00,18.81684,72.942,8.8,6.0,3.8000000000000007,-225.7,72.79069,18.9922,25170.991227869385,-1
374567890,2023-01-01 02:05:00+00:00,18.83022,72.93546,9.9,45.5,7.300000000000001,-165.8,72.75413,18.95166,23372.501689633373,-1
374567890,2023-01-01 02:15:00+00:00,18.93739,72.77069,9.7,310.4,8.799999999999999,285.59999999999997,72.79892,18.97819,5421.7799847731685,-1
374567890,2023-01-01 02:15:00+00:00,18.85442,72.94782,9.6,236.8,9.1,-113.89999999999998,72.80255,18.98844,21344.115108722217,-1
374567890,2023-01-01 02:25:00+00:00,18.90732,72.83029,2.8,38.8,-7.000000000000001,-317.4,72.81443,18.9025,1752.3933240583797,-1
374567890,2023-01-01 02:35:00+00:00,18.80212,72.83686,9.8,38.5,9.4,-226.39999999999998,72.79596,18.80288,4306.005516855052,-1
374567890,2023-01-01 02:35:00+00:00,18.97224,72.75381,9.8,56.9,7.300000000000001,-230.20000000000002,72.94355,18.83298,25262.607028729173,-1
374567890,2023-01-01 02:35:00+00:00,18.90819,72.9332,0.2,358.0,-2.4,310.6,72.8114,18.91987,12877.930016299044,-1
374567890,2023-01-01 02:55:00+00:00,18.99986,72.87802,0.2,353.9,-0.39999999999999997,320.7,72.82809,18.87867,14462.77984806359,-1
374567890,2023-01-01 02:55:00+00:00,18.92936,72.76298,10.0,355.8,8.3,341.2,72.79446,18.93657,3406.718575757418,-1
374567890,2023-01-01 02:55:00+00:00,18.99681,72.76209,9.0,356.5,4.4,318.9,72.77287,18.84269,17174.83493905319,-1
374567890,2023-01-01 02:55:00+00:00,18.93163,72.93036,0.4,71.9,-8.6,-284.6,72.76209,18.99681,19121.933021277157,-1
374567890,2023-01-01 03:00:00+00:00,18.82386,72.84918,0.6,28.0,-8.4,-262.6,72.8044,18.98057,18050.888548582516,-1
374567890,2023-01-01 03:05:00+00:00,18.9927,72.76171,0.4,81.5,-5.1,-270.0,72.92206,18.80008,27263.800791206486,-1
374567890,2023-01-01 03:05:00+00:00,18.92581,72.92185,9.7,16.0,2.499999999999999,-297.3,72.91321,18.94613,2435.3740875852022,-1
374567890,2023-01-01 03:05:00+00:00,18.90372,72.77072,1.1,27.1,-8.200000000000001,-226.5,72.75952,18.90145,1204.9546960400648,-1
374567890,2023-01-01 03:10:00+00:00,18.87289,72.88649,1.0,56.9,-7.800000000000001,-257.90000000000003,72.85511,18.87711,3334.843832916739,-1
374567890,2023-01-01 03:15:00+00:00,18.93208,72.85822,0.9,21.5,-8.1,-306.9,72.84581,18.91297,2493.8524779705544,-1
374567890,2023-01-01 03:15:00+00:00,18.99281,72.79551,9.2,312.8,8.399999999999999,198.3,72.93213,18.85632,20900.87370256046,-1
374567890,2023-01-01 03:25:00+00:00,18.89504,72.80144,9.7,25.2,8.799999999999999,5.899999999999999,72.81154,18.89354,1075.5664395387296,-1
374567890,2023-01-01 03:30:00+00:00,18.98115,72.79546,9.7,327.7,6.499999999999999,286.5,72.88645,18.80862,21440.029532073262,-1
374567890,2023-01-01 03:35:00+00:00,18.84335,72.88635,0.1,98.1,-9.4,-170.9,72.77028,18.9993,21207.650925733447,-1
374567890,2023-01-01 03:35:00+00:00,18.89925,72.89872,0.2,48.5,-9.4,-233.10000000000002,72.94923,18.8553,7219.794830808222,-1
374567890,2023-01-01 03:40:00+00:00,18.93996,72.87178,0.9,293.2,-7.9,215.2,72.87614,18.93853,485.34996920642004,-1
374567890,2023-01-01 03:50:00+00:00,18.8198,72.92984,8.7,62.7,5.1,-261.1,72.76414,18.96399,23684.468071288287,-1
374567890,2023-01-01 03:50:00+00:00,18.80049,72.75534,2.7,356.0,-6.8999999999999995,330.0,72.90056,18.92729,20791.52517189788,-1
374567890,2023-01-01 04:00:00+00:00,18.8177,72.79583,0.2,217.2,-8.700000000000001,182.1,72.75679,18.99483,20119.565973137,-1
374567890,2023-01-01 04:00:00+00:00,18.84169,72.8882,9.8,217.9,8.200000000000001,184.0,72.78497,18.99934,20620.44117016327,-1
374567890,2023-01-01 04:10:00+00:00,18.98007,72.81003,0.8,181.2,-8.299999999999999,161.1,72.9009,18.8111,21080.815573581127,-1
374567890,2023-01-01 04:15:00+00:00,18.84452,72.89175,0.3,247.3,-9.2,68.70000000000002,72.75686,18.98666,21239.96189103587,-1
374567890,2023-01-01 04:20:00+00:00,18.94995,72.89142,0.5,349.8,-7.4,168.8,72.86993,18.96197,2625.633112303315,-1
374567890,2023-01-01 04:20:00+00:00,18.80183,72.93994,0.7,88.7,-7.499999999999999,-269.2,72.89395,18.98799,21257.963029618462,-1
374567890,2023-01-01 04:25:00+00:00,18.86872,72.85402,1.4,357.9,-7.699999999999999,335.29999999999995,72.913,18.95447,11375.78058558038,-1
374567890,2023-01-01 04:40:00+00:00,18.80303,72.93713,8.4,104.7,6.4,-247.5,72.81812,18.99111,24374.738881046826,-1
374567890,2023-01-01 04:40:00+00:00,18.96729,72.78237,7.4,359.0,6.4,335.2,72.78753,18.94457,2583.9711069439686,-1
374567890,2023-01-01 04:40:00+00:00,18.9974,72.76022,8.8,10.0,8.5,-331.7,72.87261,18.91354,15054.977662956077,-1
374567890,2023-01-01 04:40:00+00:00,18.98504,72.90845,0.3,103.5,-9.2,-241.0,72.77853,18.94032,14539.237827745597,-1
374567890,2023-01-01 04:50:00+00:00,18.97646,72.78872,8.6,345.2,5.3,153.5,72.93462,18.80543,24439.280703849578,-1
374567890,2023-01-01 04:55:00+00:00,18.83415,72.84917,0.2,46.2,-9.200000000000001,-31.599999999999994,72.80403,18.83938,4785.9783539489845,-1
374567890,2023-01-01 05:05:00+00:00,18.85795,72.87876,0.1,40.1,-3.3,-302.0,72.86867,18.86694,1458.2531262440118,-1
374567890,2023-01-01 05:15:00+00:00,18.94855,72.85311,9.9,341.8,9.6,266.4,72.87418,18.96113,2620.429973860567,-1
374567890,2023-01-01 05:15:00+00:00,18.90306,72.7525,0.3,358.3,-7.8,277.20000000000005,72.8958,18.92863,15339.524413689067,-1
374567890,2023-01-01 05:15:00+00:00,18.97509,72.79707,9.3,268.3,8.5,239.0,72.8815,18.80596,20798.554223341132,-1
374567890,2023-01-01 05:15:00+00:00,18.81478,72.75984,0.4,292.0,-7.799999999999999,224.2,72.94559,18.9177,22648.820302685443,-1
374567890,2023-01-01 05:15:00+00:00,18.91254,72.83964,10.0,313.6,8.6,159.3,72.82174,18.91546,1910.7099687837076,-1
374567890,2023-01-01 05:15:00+00:00,18.98437,72.92755,9.9,103.3,9.3,-96.60000000000001,72.78027,18.84651,21794.56436008127,-1
374567890,2023-01-01 05:20:00+00:00,18.88958,72.94901,9.9,32.1,8.200000000000001,-313.5,72.77415,18.80314,20760.213435566853,-1
374567890,2023-01-01 05:20:00+00:00,18.91188,72.86139,9.9,4.2,9.200000000000001,-348.5,72.84004,18.85543,6666.76282788213,-1
374567890,2023-01-01 05:20:00+00:00,18.87884,72.83711,9.9,16.0,7.4,-290.4,72.88007,18.86796,4679.206038619042,-1
374567890,2023-01-01 05:25:00+00:00,18.80613,72.8848,9.4,289.7,8.700000000000001,-47.30000000000001,72.87173,18.80391,1397.7123390953295,-1
374567890,2023-01-01 05:25:00+00:00,18.83761,72.77327,0.2,306.8,-8.700000000000001,296.3,72.89365,18.96605,19087.806246380074,-1
374567890,2023-01-01 05:25:00+00:00,18.99152,72.78397,0.2,15.3,-9.600000000000001,13.3,72.90549,18.87797,17966.090065262324,-1
374567890,2023-01-01 05:25:00+00:00,18.97249,72.77245,0.3,2.8,-8.299999999999999,-274.4,72.85001,18.98084,8208.239895677038,-1
374567890,2023-01-01 05:30:00+00:00,18.94808,72.75684,2.4,351.9,-6.4,174.49999999999997,72.94896,18.80066,26025.347200730997,-1
374567890,2023-01-01 05:35:00+00:00,18.98408,72.82513,0.1,61.3,-8.700000000000001,-269.0,72.90839,18.95312,9407.844774338022,-1
374567890,2023-01-01 05:35:00+00:00,18.80064,72.90434,7.1,1.7,7.0,-335.3,72.76212,18.90815,19154.132186089228,-1
374567890,2023-01-01 05:35:00+00:00,18.97813,72.91654,8.6,347.5,6.3,329.9,72.85736,18.81216,19476.90316856317,-1
374567890,2023-01-01 05:45:00+00:00,18.80998,72.84382,2.5,281.5,-7.4,266.8,72.83803,18.80718,684.3628591688702,-1
374567890,2023-01-01 05:55:00+00:00,18.82795,72.75563,8.6,32.8,-0.5,-298.09999999999997,72.94076,18.97,25075.787365177464,-1
374567890,2023-01-01 06:05:00+00:00,18.87151,72.91647,9.9,316.0,0.9000000000000004,310.5,72.7523,18.97751,20907.265804487975,-1
374567890,2023-01-01 06:05:00+00:00,18.92261,72.82964,0.4,34.0,-9.5,-282.0,72.91647,18.87151,10757.692510693916,-1
374567890,2023-01-01 06:10:00+00:00,18.99439,72.91293,9.5,48.9,7.8,-272.20000000000005,72.94544,18.8098,20808.445539755037,-1
374567890,2023-01-01 06:10:00+00:00,18.89586,72.78756,1.4,4.4,-7.699999999999999,-319.90000000000003,72.86377,18.82924,10917.012529234977,-1
374567890,2023-01-01 06:30:00+00:00,18.81216,72.94996,1.9,356.6,-3.4,273.70000000000005,72.76156,18.99638,28502.73876345493,-1
374567890,2023-01-01 06:30:00+00:00,18.86214,72.93716,9.8,168.5,8.100000000000001,152.4,72.92036,18.85876,1807.2866113231237,-1
374567890,2023-01-01 06:40:00+00:00,18.85197,72.76685,0.6,161.9,-8.3,137.1,72.77745,18.85027,1131.348106968629,-1
374567890,2023-01-01 06:40:00+00:00,18.96497,72.9169,10.0,3.1,9.4,-158.8,72.76685,18.85197,20174.94649979623,-1
374567890,2023-01-01 06:45:00+00:00,18.82568,72.84246,0.5,332.5,-6.9,307.8,72.83488,18.84367,2153.5908956513495,-1
374567890,2023-01-01 06:45:00+00:00,18.95635,72.88003,0.3,37.6,-9.5,-241.79999999999998,72.76829,18.87237,15011.933721533194,-1
374567890,2023-01-01 07:00:00+00:00,18.83181,72.89142,0.2,246.7,-7.8999999999999995,195.39999999999998,72.90405,18.85632,3032.209220714091,-1
374567890,2023-01-01 07:00:00+00:00,18.85224,72.81865,1.8,4.2,-7.500000000000001,-354.2,72.89808,18.88688,9202.438688462942,-1
374567890,2023-01-01 07:10:00+00:00,18.8482,72.79688,0.7,121.6,-8.600000000000001,-154.9,72.94702,18.99936,23063.35195616256,-1
374567890,2023-01-01 07:20:00+00:00,18.86498,72.75118,9.8,346.2,0.9000000000000004,342.2,72.90904,18.88186,16715.20815293561,-1
374567890,2023-01-01 07:25:00+00:00,18.91197,72.91232,9.5,359.2,8.2,219.1,72.75093,18.84574,18508.575268870634,-1
374567890,2023-01-01 07:25:00+00:00,18.89935,72.76595,0.1,239.9,-9.700000000000001,189.0,72.92506,18.9865,19337.45132384772,-1
374567890,2023-01-01 07:30:00+00:00,18.921,72.93273,0.7,45.4,-8.700000000000001,-302.3,72.77739,18.83958,18683.7183687234,-1
374567890,2023-01-01 07:30:00+00:00,18.87823,72.89589,8.1,54.9,7.8,-282.6,72.90414,18.87257,1072.1792480187107,-1
374567890,2023-01-01 07:35:00+00:00,18.98454,72.87896,9.6,316.9,9.299999999999999,278.09999999999997,72.91408,18.80877,19890.885063283178,-1
374567890,2023-01-01 07:35:00+00:00,18.82286,72.82541,0.1,318.1,-8.0,96.90000000000003,72.82611,18.85139,3173.24647577347,-1
374567890,2023-01-01 07:40:00+00:00,18.94869,72.81165,9.7,281.1,9.1,-11.099999999999966,72.79465,18.96044,2214.345839299653,-1
374567890,2023-01-01 07:45:00+00:00,18.89488,72.80084,0.2,321.6,-9.100000000000001,75.60000000000002,72.87941,18.87169,8659.23089243918,-1
374567890,2023-01-01 07:45:00+00:00,18.99684,72.89102,9.9,337.8,8.200000000000001,232.70000000000002,72.80826,18.83299,20192.308043661462,-1
374567890,2023-01-01 07:55:00+00:00,18.94313,72.84787,0.2,358.2,-8.600000000000001,323.09999999999997,72.78533,18.83845,13370.772485523772,-1
374567890,2023-01-01 08:00:00+00:00,18.82362,72.80504,0.3,352.3,-3.0,334.6,72.79781,18.81534,1194.4614714862146,-1
374567890,2023-01-01 08:00:00+00:00,18.85943,72.78814,0.4,272.9,-8.299999999999999,-51.80000000000001,72.78564,18.8689,1085.375998979259,-1
374567890,2023-01-01 08:05:00+00:00,18.99395,72.75259,0.4,356.8,-2.8000000000000003,286.6,72.88175,18.81258,24317.502500563558,-1
374567890,2023-01-01 08:25:00+00:00,18.90672,72.83546,8.8,7.5,1.6000000000000005,-319.1,72.8518,18.90641,1719.2443864286008,-1
374567890,2023-01-01 08:30:00+00:00,18.95672,72.79169,0.1,159.4,-9.5,66.80000000000001,72.75407,18.98669,5172.518433859744,-1
374567890,2023-01-01 08:35:00+00:00,18.83169,72.85491,0.3,99.2,-9.1,-234.3,72.75704,18.93639,15542.351852976886,-1
374567890,2023-01-01 09:00:00+00:00,18.94168,72.80301,0.2,225.7,-9.5,196.5,72.77731,18.93333,2858.04929578939,-1
374567890,2023-01-01 09:10:00+00:00,18.83249,72.9094,0.3,40.3,-9.399999999999999,-191.7,72.75279,18.90937,18563.706095245554,-1
374567890,2023-01-01 09:20:00+00:00,18.91005,72.933,0.3,21.5,-9.2,-256.5,72.87741,18.91543,5878.137267100973,-1
374567890,2023-01-01 09:20:00+00:00,18.82922,72.79401,9.2,295.5,9.0,256.9,72.81925,18.84791,3372.6176583093747,-1
374567890,2023-01-01 09:40:00+00:00,18.84085,72.928,9.6,253.5,8.7,18.5,72.75414,18.97965,23930.915483092493,-1
374567890,2023-01-01 09:45:00+00:00,18.96551,72.77497,6.2,355.5,5.2,341.2,72.78498,18.93124,3953.3945981758525,-1
374567890,2023-01-01 09:45:00+00:00,18.82506,72.94468,0.2,10.2,-0.6000000000000001,-251.8,72.75175,18.99428,27675.71865852039,-1
374567890,2023-01-01 10:00:00+00:00,18.93225,72.75662,9.7,10.7,8.799999999999999,-210.3,72.88326,18.80884,19127.481316268466,-1
374567890,2023-01-01 10:05:00+00:00,18.82157,72.9372,9.5,5.3,7.0,-329.9,72.84695,18.95661,17765.876700336295,-1
374567890,2023-01-01 10:05:00+00:00,18.97935,72.82973,6.5,357.9,-3.0,352.59999999999997,72.9372,18.82157,20871.625224289633,-1
374567890,2023-01-01 10:10:00+00:00,18.99863,72.78026,0.2,91.6,-7.7,-108.30000000000001,72.92611,18.84982,22564.39961196947,-1
374567890,2023-01-01 10:40:00+00:00,18.9544,72.8628,0.2,5.6,-8.8,-191.70000000000002,72.90109,18.82353,15099.363704433277,-1
374567890,2023-01-01 10:50:00+00:00,18.84897,72.93468,8.8,274.7,6.6000000000000005,229.0,72.75132,18.98635,24604.045478727418,-1
374567890,2023-01-01 10:55:00+00:00,18.84157,72.94994,0.2,88.2,-9.700000000000001,-45.60000000000001,72.76349,18.99065,25679.756409700247,-1
374567890,2023-01-01 10:55:00+00:00,18.94394,72.8712,9.4,10.4,7.1000000000000005,-338.8,72.87317,18.96935,2833.0482741903165,-1
374567890,2023-01-01 10:55:00+00:00,18.99487,72.89053,8.5,29.8,5.5,-329.8,72.85894,18.80833,21006.830781256722,-1
374567890,2023-01-01 10:55:00+00:00,18.84666,72.89408,0.5,334.6,-9.2,252.10000000000002,72.88821,18.8495,693.7557529365258,-1
374567890,2023-01-01 11:00:00+00:00,18.82648,72.83781,6.4,344.4,-2.5,325.79999999999995,72.83368,18.83649,1194.9178251953283,-1
374567890,2023-01-01 11:05:00+00:00,18.84309,72.76536,8.6,336.6,8.4,328.0,72.92457,18.84588,16757.294564507472,-1
374567890,2023-01-01 11:05:00+00:00,18.97574,72.79517,9.8,15.6,8.700000000000001,-250.50000000000003,72.93801,18.86383,19508.934610815006,-1
374567890,2023-01-01 11:05:00+00:00,18.8295,72.93828,0.5,9.8,-8.9,-222.2,72.75834,18.91178,21027.70220795434,-1
374567890,2023-01-01 11:05:00+00:00,18.99849,72.94011,0.8,295.1,-7.8,-27.799999999999955,72.77347,18.84604,24384.33301128996,-1
374567890,2023-01-01 11:10:00+00:00,18.86299,72.91052,0.6,65.9,-9.200000000000001,-293.70000000000005,72.90958,18.88649,2614.951798673268,-1
374567890,2023-01-01 11:10:00+00:00,18.9941,72.92251,0.7,55.4,-9.0,37.4,72.78168,18.81962,24410.75549203434,-1
374567890,2023-01-01 11:10:00+00:00,18.9237,72.76211,0.8,106.4,-8.5,60.7,72.76788,18.93622,1518.6941390806146,-1
374567890,2023-01-01 11:15:00+00:00,18.97793,72.83702,9.5,278.6,9.4,11.300000000000011,72.86002,18.96966,2587.4526905919042,-1
374567890,2023-01-01 11:20:00+00:00,18.99647,72.75189,9.0,241.2,7.8,148.1,72.8945,18.80343,26188.2743038722,-1
374567890,2023-01-01 11:20:00+00:00,18.92773,72.94204,0.3,336.9,-8.0,334.7,72.77243,18.9438,17928.40755547971,-1
374567890,2023-01-01 11:25:00+00:00,18.81083,72.86573,9.0,347.7,7.6,221.7,72.86387,18.81452,454.6218619605917,-1
374567890,2023-01-01 11:25:00+00:00,18.97329,72.81751,9.3,339.9,8.700000000000001,155.59999999999997,72.9248,18.8026,22082.740117846115,-1
374567890,2023-01-01 11:25:00+00:00,18.96215,72.78134,9.3,4.6,3.700000000000001,-334.59999999999997,72.89184,18.8273,18973.10153102072,-1
374567890,2023-01-01 11:30:00+00:00,18.96312,72.9421,0.3,196.3,-9.0,150.20000000000002,72.7592,18.80203,26289.709904135943,-1
374567890,2023-01-01 11:40:00+00:00,18.87254,72.868,10.0,8.2,7.5,-328.3,72.80491,18.96539,12273.337978084459,-1
374567890,2023-01-01 11:40:00+00:00,18.9051,72.94536,0.3,286.0,-9.7,277.8,72.868,18.87254,8907.763388835025,-1
374567890,2023-01-01 11:40:00+00:00,18.98522,72.7896,0.4,296.4,-9.4,207.39999999999998,72.82162,18.99121,3431.9735206391033,-1
374567890,2023-01-01 11:55:00+00:00,18.86952,72.84594,10.0,260.2,9.9,224.89999999999998,72.82835,18.86675,1876.2723713143005,-1
374567890,2023-01-01 11:55:00+00:00,18.8579,72.94959,9.9,185.7,9.1,71.6,72.80988,18.99431,21119.173777492062,-1
374567890,2023-01-01 12:05:00+00:00,18.90019,72.93634,0.2,139.3,-7.3,-199.5,72.75123,18.81018,21899.661472519365,-1
374567890,2023-01-01 12:10:00+00:00,18.99535,72.94922,0.4,39.8,-6.5,-313.8,72.93254,18.9751,2854.1356743672845,-1
374567890,2023-01-01 12:15:00+00:00,18.80682,72.78057,0.9,264.1,-8.0,235.00000000000003,72.82781,18.99878,21915.852335109765,-1
374567890,2023-01-01 12:20:00+00:00,18.92224,72.77271,0.2,243.7,-9.700000000000001,29.19999999999999,72.77268,18.8904,3540.4478709029404,-1
374567890,2023-01-01 12:25:00+00:00,18.99027,72.86528,9.0,349.4,6.4,335.5,72.91786,18.84683,16881.5230754398,-1
374567890,2023-01-01 12:25:00+00:00,18.98581,72.7539,8.7,209.1,8.6,206.79999999999998,72.91413,18.86812,21337.67271319435,-1
374567890,2023-01-01 12:30:00+00:00,18.94664,72.81058,6.5,353.6,-3.3000000000000007,337.70000000000005,72.82181,18.94534,1189.8829417693146,-1
374567890,2023-01-01 12:30:00+00:00,18.90386,72.79764,9.4,349.0,3.9000000000000004,320.6,72.94847,18.98363,18174.61459618382,-1
374567890,2023-01-01 12:35:00+00:00,18.80002,72.75131,0.1,154.8,-9.9,137.60000000000002,72.91855,18.85729,18717.702449733573,-1
374567890,2023-01-01 12:35:00+00:00,18.97444,72.93563,9.8,231.6,9.700000000000001,76.79999999999998,72.75131,18.80002,27426.219431940175,-1
374567890,2023-01-01 12:35:00+00:00,18.98328,72.94638,1.0,6.1,-9.0,-311.79999999999995,72.873,18.87921,13909.777880210506,-1
374567890,2023-01-01 12:40:00+00:00,18.81455,72.948,1.1,282.3,-5.699999999999999,253.60000000000002,72.77488,18.99553,27141.144882686494,-1
374567890,2023-01-01 12:45:00+00:00,18.98741,72.89689,10.0,53.8,9.5,-140.60000000000002,72.75542,18.84519,21714.889149583352,-1
374567890,2023-01-01 12:50:00+00:00,18.8359,72.75551,8.3,307.6,4.1000000000000005,269.70000000000005,72.94744,18.9601,24462.502076464338,-1
374567890,2023-01-01 12:50:00+00:00,18.98268,72.94665,10.0,19.5,4.4,-66.4,72.77811,18.81635,25620.99094036525,-1
374567890,2023-01-01 12:55:00+00:00,18.96346,72.79845,6.8,346.4,5.699999999999999,330.29999999999995,72.77058,18.97099,3048.001232174962,-1
374567890,2023-01-01 13:00:00+00:00,18.83064,72.81333,9.5,274.6,7.6,262.5,72.82784,18.80741,3000.748416521604,-1
374567890,2023-01-01 13:10:00+00:00,18.8071,72.90339,0.2,4.9,-9.0,-251.49999999999997,72.80155,18.94571,18771.382022391914,-1
374567890,2023-01-01 13:10:00+00:00,18.9889,72.82193,9.6,257.8,9.4,252.9,72.90339,18.8071,21956.667799530085,-1
374567890,2023-01-01 13:15:00+00:00,18.99171,72.90846,9.8,21.7,8.700000000000001,-226.10000000000002,72.89299,18.80738,20561.069661948284,-1
374567890,2023-01-01 13:20:00+00:00,18.85939,72.90739,9.5,359.2,9.1,44.0,72.75811,18.94338,18271.311021565318,-1
374567890,2023-01-01 13:20:00+00:00,18.80581,72.76509,9.6,279.6,7.199999999999999,69.00000000000003,72.93018,18.99962,27677.61392101594,-1
374567890,2023-01-01 13:25:00+00:00,18.99719,72.79006,9.1,318.0,8.9,194.3,72.86522,18.80496,22790.51639579321,-1
374567890,2023-01-01 13:25:00+00:00,18.83628,72.84267,9.4,22.3,7.2,-281.2,72.85591,18.83964,1442.5831436901738,-1
374567890,2023-01-01 13:25:00+00:00,18.80704,72.7846,0.7,7.7,-4.3,-340.0,72.7684,18.98778,20169.502657413774,-1
374567890,2023-01-01 13:40:00+00:00,18.91901,72.83587,9.8,257.5,4.6000000000000005,228.9,72.84595,18.92412,1202.9330731015475,-1
374567890,2023-01-01 13:45:00+00:00,18.95023,72.76458,0.4,32.2,0.10000000000000003,-270.6,72.94948,18.82133,24163.173704475263,-1
374567890,2023-01-01 13:55:00+00:00,18.88483,72.75186,1.2,347.7,-3.3999999999999995,332.59999999999997,72.76279,18.88538,1151.5622405019733,-1
374567890,2023-01-01 14:00:00+00:00,18.88992,72.81921,2.1,8.6,-7.5,-313.7,72.82701,18.89427,952.546387158067,-1
374567890,2023-01-01 14:00:00+00:00,18.83105,72.77957,4.5,24.0,-3.0999999999999996,-328.5,72.93397,18.9896,23971.08960615484,-1
374567890,2023-01-01 14:05:00+00:00,18.96605,72.94195,9.8,80.0,9.4,31.0,72.78481,18.84803,21106.243819207673,-1
374567890,2023-01-01 14:05:00+00:00,18.97046,72.75201,3.1,11.7,0.6000000000000001,-309.5,72.91236,18.80667,24825.27986321894,-1
374567890,2023-01-01 14:05:00+00:00,18.9582,72.85658,0.3,3.4,-6.6000000000000005,-330.6,72.79892,18.91681,7613.109284156733,-1
374567890,2023-01-01 14:10:00+00:00,18.92896,72.82698,9.9,75.2,9.700000000000001,-275.6,72.78545,18.92645,4377.134865942644,-1
374567890,2023-01-01 14:10:00+00:00,18.98831,72.93991,9.8,236.8,9.0,145.4,72.82877,18.82718,21393.952906851795,-1
374567890,2023-01-01 14:20:00+00:00,18.96307,72.7916,8.8,339.7,8.5,188.7,72.78831,18.94174,2396.8922973576296,-1
374567890,2023-01-01 14:40:00+00:00,18.92789,72.94301,5.5,345.7,4.9,342.4,72.94748,18.90363,2738.2609956314927,-1
374567890,2023-01-01 14:45:00+00:00,18.80947,72.77696,9.7,351.5,3.1999999999999993,318.8,72.80586,18.82686,3604.361854791043,-1
374567890,2023-01-01 14:45:00+00:00,18.97705,72.90252,9.7,84.4,9.399999999999999,41.900000000000006,72.90596,18.99523,2053.6274999218276,-1
374567890,2023-01-01 14:55:00+00:00,18.96983,72.84619,1.0,354.3,-5.4,238.20000000000002,72.83154,18.97281,1575.7547885507533,-1
374567890,2023-01-01 15:00:00+00:00,18.93541,72.79439,9.8,355.9,5.700000000000001,236.49999999999997,72.78759,18.91495,2384.833137822832,-1
374567890,2023-01-01 15:00:00+00:00,18.89266,72.76905,0.2,13.5,-7.7,-301.0,72.91874,18.92541,16162.128915951464,-1
374567890,2023-01-01 15:05:00+00:00,18.9566,72.93885,9.9,36.9,8.9,-287.20000000000005,72.82978,18.81111,19834.340291592856,-1
374567890,2023-01-01 15:10:00+00:00,18.91421,72.93197,10.0,16.7,3.0,-298.6,72.75548,18.84808,19971.787927666413,-1
374567890,2023-01-01 15:20:00+00:00,18.8893,72.78351,9.8,355.5,5.200000000000001,348.5,72.87271,18.95402,11824.702014350658,-1
374567890,2023-01-01 15:20:00+00:00,18.95752,72.79316,0.2,346.9,-9.3,291.5,72.89929,18.94215,11291.624174290373,-1
374567890,2023-01-01 15:20:00+00:00,18.99418,72.86528,0.4,328.6,-9.299999999999999,251.90000000000003,72.82169,18.98168,4789.372575855155,-1
374567890,2023-01-01 15:25:00+00:00,18.90577,72.91001,0.2,174.5,-8.600000000000001,117.5,72.91459,18.90615,483.64765102743354,-1
374567890,2023-01-01 15:30:00+00:00,18.83891,72.77432,9.1,227.3,9.0,213.20000000000002,72.77102,18.83526,534.1665027558284,-1
374567890,2023-01-01 15:30:00+00:00,18.97147,72.94059,10.0,335.3,9.1,68.80000000000001,72.93967,18.95278,2080.483911271483,-1
374567890,2023-01-01 15:35:00+00:00,18.80767,72.94322,0.2,301.2,-7.7,35.39999999999998,72.75847,18.93338,23943.092241778726,-1
374567890,2023-01-01 15:40:00+00:00,18.97243,72.7577,9.6,0.7,9.4,-9.700000000000001,72.83504,18.82481,18320.400280436,-1
374567890,2023-01-01 15:40:00+00:00,18.94351,72.85341,0.4,192.8,-9.6,10.900000000000006,72.84814,18.95283,1175.2360681633995,-1
374567890,2023-01-01 15:55:00+00:00,18.95929,72.85344,0.2,16.8,-8.4,-338.7,72.76589,18.99055,9840.471559849759,-1
374567890,2023-01-01 16:05:00+00:00,18.81199,72.77153,0.5,14.2,-7.2,-321.1,72.80301,18.83828,4418.46943844169,-1
374567890,2023-01-01 16:10:00+00:00,18.84495,72.92986,1.0,75.2,-7.9,-247.8,72.94206,18.84382,1289.9985733382014,-1
374567890,2023-01-01 16:15:00+00:00,18.81744,72.94933,6.1,1.8,4.8,-350.3,72.85836,18.98704,21147.861600171713,-1
374567890,2023-01-01 16:20:00+00:00,18.83623,72.87673,0.5,129.5,-9.0,-214.10000000000002,72.84945,18.83697,2872.1174841499937,-1
374567890,2023-01-01 16:30:00+00:00,18.98373,72.80667,0.2,45.4,-4.7,-314.6,72.85847,18.8023,20897.177780648526,-1
374567890,2023-01-01 16:30:00+00:00,18.93121,72.79915,0.1,334.0,-7.6000000000000005,320.3,72.94931,18.92406,15814.202520584051,-1
374567890,2023-01-01 16:40:00+00:00,18.94137,72.8811,0.2,214.5,-7.5,181.0,72.86691,18.93091,1892.1541398394204,-1
374567890,2023-01-01 16:45:00+00:00,18.82906,72.89537,0.2,144.5,-8.3,-13.099999999999994,72.89512,18.8428,1528.044813188573,-1
374567890,2023-01-01 16:45:00+00:00,18.84801,72.78702,9.6,359.6,7.3999999999999995,201.20000000000002,72.78995,18.82866,2173.60430141332,-1
374567890,2023-01-01 16:50:00+00:00,18.98257,72.89713,9.8,359.0,7.500000000000001,139.4,72.89254,18.96479,2035.1082156862024,-1
374567890,2023-01-01 16:55:00+00:00,18.82183,72.82804,0.9,256.8,-8.1,211.3,72.8439,18.82281,1672.7963571474854,-1
374567890,2023-01-01 17:00:00+00:00,18.87008,72.89825,7.6,346.9,6.0,332.2,72.91271,18.8492,2775.906852030493,-1
374567890,2023-01-01 17:05:00+00:00,18.85782,72.91718,1.4,334.4,-7.799999999999999,-20.400000000000034,72.91207,18.85773,537.8000620382788,-1
374567890,2023-01-01 17:10:00+00:00,18.99962,72.92503,0.4,22.2,-5.699999999999999,-250.8,72.92316,18.80204,21970.774335352173,-1
374567890,2023-01-01 17:10:00+00:00,18.84975,72.8736,0.2,34.8,-8.5,-245.39999999999998,72.81532,18.99807,17594.865503618636,-1
374567890,2023-01-01 17:20:00+00:00,18.88674,72.816,9.5,356.6,4.2,305.3,72.82045,18.85299,3781.9250766070613,-1
374567890,2023-01-01 17:30:00+00:00,18.81898,72.90073,1.6,6.7,-6.6,-326.90000000000003,72.90814,18.8143,937.5933272247356,-1
374567890,2023-01-01 17:40:00+00:00,18.90707,72.9018,0.2,306.1,-9.5,45.80000000000001,72.84666,18.94895,7437.963070760634,-1
374567890,2023-01-01 17:40:00+00:00,18.82237,72.75316,0.2,215.6,-8.600000000000001,-71.1,72.94757,18.98705,27451.24162013493,-1
374567890,2023-01-01 17:45:00+00:00,18.99282,72.76256,0.3,319.7,-9.399999999999999,63.30000000000001,72.75684,18.94763,5060.770494145631,-1
374567890,2023-01-01 17:50:00+00:00,18.97986,72.91639,9.7,330.2,8.5,-26.19999999999999,72.75316,18.84658,22681.65213368141,-1
374567890,2023-01-01 17:50:00+00:00,18.89874,72.93973,0.1,347.5,-9.4,331.2,72.75272,18.92179,19838.487162505295,-1
374567890,2023-01-01 17:55:00+00:00,18.90242,72.85899,0.4,1.1,-9.5,-6.699999999999999,72.91154,18.87999,6065.092966527513,-1
374567890,2023-01-01 18:00:00+00:00,18.84509,72.84411,0.9,353.5,-8.0,349.2,72.78116,18.87194,7265.722882496325,-1
374567890,2023-01-01 18:05:00+00:00,18.96167,72.78323,9.7,334.0,7.799999999999999,286.5,72.85631,18.80992,18542.966186924994,-1
374567890,2023-01-01 18:05:00+00:00,18.82954,72.87808,9.0,355.7,6.1,346.09999999999997,72.87948,18.86645,4106.848108550261,-1
374567890,2023-01-01 18:10:00+00:00,18.87952,72.91646,0.3,43.5,-9.299999999999999,-275.3,72.79993,18.86422,12378.470816035853,-1
374567890,2023-01-01 18:10:00+00:00,18.97188,72.77863,0.3,167.8,-8.299999999999999,165.0,72.81482,18.80654,18775.079152895654,-1
374567890,2023-01-01 18:20:00+00:00,18.89591,72.77254,9.9,357.9,6.800000000000001,269.9,72.7908,18.88098,2539.0203027631587,-1
374567890,2023-01-01 18:25:00+00:00,18.86331,72.93975,8.6,311.2,7.8999999999999995,289.4,72.9475,18.84424,2271.9035486399125,-1
374567890,2023-01-01 18:25:00+00:00,18.83262,72.93075,7.6,357.7,7.199999999999999,317.0,72.88162,18.87232,6798.199295378273,-1
374567890,2023-01-01 18:25:00+00:00,18.93365,72.94304,8.6,345.6,5.3999999999999995,286.5,72.94676,18.93457,404.4162277805671,-1
374567890,2023-01-01 18:35:00+00:00,18.93753,72.80824,9.8,354.9,0.8000000000000007,346.0,72.77116,18.80319,15439.020623056222,-1
374567890,2023-01-01 18:35:00+00:00,18.80442,72.92836,0.2,167.8,-7.999999999999999,-114.19999999999999,72.79179,18.98055,24289.83744377622,-1
374567890,2023-01-01 18:40:00+00:00,18.81142,72.82603,0.2,247.7,-9.700000000000001,94.29999999999998,72.83214,18.83899,3132.3629412180526,-1
374567890,2023-01-01 18:40:00+00:00,18.83586,72.90577,0.9,257.2,-7.5,246.79999999999998,72.76268,18.99032,22837.362868131044,-1
374567890,2023-01-01 19:00:00+00:00,18.97841,72.9446,8.6,343.3,7.6,309.6,72.80347,18.9044,16971.897778222177,-1
374567890,2023-01-01 19:00:00+00:00,18.85677,72.81557,0.2,62.8,-7.3999999999999995,-251.5,72.79134,18.88432,3985.4982499096036,-1
374567890,2023-01-01 19:00:00+00:00,18.8001,72.77661,0.2,163.5,-3.6999999999999997,106.5,72.94098,18.97218,25791.05339721327,-1
374567890,2023-01-01 19:15:00+00:00,18.98907,72.89011,0.8,12.7,-8.5,-239.5,72.7656,18.88435,17523.817253359604,-1
374567890,2023-01-01 19:15:00+00:00,18.82263,72.89225,9.8,295.4,9.0,282.7,72.89011,18.98907,18508.652701578532,-1
374567890,2023-01-01 19:20:00+00:00,18.93445,72.82816,0.2,348.7,-9.0,174.29999999999998,72.75435,18.86893,10647.50402179963,-1
374567890,2023-01-01 19:25:00+00:00,18.8104,72.92873,9.8,9.3,1.3000000000000007,-217.29999999999998,72.93163,18.8146,557.922227572909,-1
374567890,2023-01-01 19:25:00+00:00,18.87076,72.86376,1.6,305.4,-7.9,213.99999999999997,72.86378,18.87561,539.2994997754023,-1
374567890,2023-01-01 19:35:00+00:00,18.9957,72.77133,9.3,74.4,7.200000000000001,-177.0,72.91658,18.80735,25925.18904996265,-1
374567890,2023-01-01 19:35:00+00:00,18.9779,72.93898,0.5,25.4,-8.6,-323.70000000000005,72.94189,18.80478,19252.499985503386,-1
374567890,2023-01-01 19:45:00+00:00,18.89028,72.87473,0.3,142.5,-9.1,-176.5,72.87981,18.86883,2444.283197945293,-1
374567890,2023-01-01 19:45:00+00:00,18.80009,72.93286,9.6,328.2,-0.20000000000000107,303.59999999999997,72.79608,18.98599,25186.566392342673,-1
374567890,2023-01-01 19:50:00+00:00,18.8344,72.81995,9.1,359.5,8.7,335.1,72.92986,18.88473,12848.21199309889,-1
374567890,2023-01-01 19:55:00+00:00,18.82131,72.83874,8.8,7.0,7.9,-323.7,72.83082,18.99283,19090.342743063284,-1
374567890,2023-01-01 20:00:00+00:00,18.96472,72.93786,0.2,231.8,-8.5,-14.099999999999994,72.75315,18.80958,25985.17216662591,-1
374567890,2023-01-01 20:05:00+00:00,18.86636,72.91653,9.4,245.4,9.200000000000001,169.8,72.75365,18.98879,21882.407867965543,-1
374567890,2023-01-01 20:05:00+00:00,18.88225,72.85121,0.7,327.9,-7.1,253.99999999999997,72.83661,18.87323,1834.5675282403429,-1
374567890,2023-01-01 20:10:00+00:00,18.83018,72.85066,8.8,353.8,1.6000000000000005,340.90000000000003,72.83905,18.83306,1263.1382584682342,-1
374567890,2023-01-01 20:10:00+00:00,18.95915,72.77591,5.5,339.8,4.4,309.0,72.94575,18.80623,24666.46197759857,-1
374567890,2023-01-01 20:15:00+00:00,18.88825,72.76903,7.8,13.0,7.0,-323.6,72.77897,18.86796,2486.752432317726,-1
374567890,2023-01-01 20:40:00+00:00,18.96099,72.84538,9.6,24.2,9.299999999999999,-64.0,72.84698,18.94394,1903.326063471578,-1
374567890,2023-01-01 20:45:00+00:00,18.83871,72.75354,9.6,352.2,9.0,135.5,72.91315,18.96319,21760.54101812454,-1
374567890,2023-01-01 21:05:00+00:00,18.83228,72.82793,10.0,300.5,9.2,-56.89999999999998,72.84089,18.83586,1420.83157850742,-1
374567890,2023-01-01 21:10:00+00:00,18.83645,72.79847,0.5,66.2,-9.3,-238.5,72.76607,18.80546,4848.000215422442,-1
374567890,2023-01-01 21:20:00+00:00,18.82688,72.89123,0.2,201.2,-9.4,29.19999999999999,72.79603,18.98976,20695.76370962303,-1
374567890,2023-01-01 21:25:00+00:00,18.99577,72.79444,1.1,354.9,-7.6,335.9,72.7501,18.8207,20017.892435961527,-1
374567890,2023-01-01 21:25:00+00:00,18.8596,72.76905,9.6,328.0,8.4,318.6,72.92073,18.95392,19094.302703567984,-1
374567890,2023-01-01 21:25:00+00:00,18.8331,72.81385,0.2,0.4,-9.5,-222.7,72.75657,18.93098,12440.854618229847,-1
374567890,2023-01-01 21:25:00+00:00,18.85008,72.87622,0.1,344.0,-9.700000000000001,233.5,72.79661,18.87795,8931.627311571898,-1
374567890,2023-01-01 21:30:00+00:00,18.95003,72.88718,4.1,357.0,-2.3000000000000007,318.6,72.89588,18.95211,943.7391823262359,-1
374567890,2023-01-01 22:00:00+00:00,18.92056,72.92413,9.7,309.5,9.0,98.80000000000001,72.9164,18.93749,2050.6039207442295,-1
374567890,2023-01-01 22:05:00+00:00,18.86212,72.89149,0.2,355.6,-7.999999999999999,234.20000000000002,72.86175,18.99924,15564.617036281916,-1
374567890,2023-01-01 22:05:00+00:00,18.88762,72.93716,9.4,12.1,9.200000000000001,-343.5,72.89149,18.86212,5579.412233884256,-1
374567890,2023-01-01 22:10:00+00:00,18.80739,72.75739,0.2,314.0,-8.9,303.0,72.76431,18.81331,981.7590822755008,-1
374567890,2023-01-01 22:10:00+00:00,18.92844,72.91544,0.3,92.2,-5.8,81.9,72.91605,18.92503,384.5649146479114,-1
374567890,2023-01-01 22:20:00+00:00,18.80303,72.75748,0.9,23.5,-7.699999999999999,-299.4,72.85368,18.83985,10921.423014194797,-1
374567890,2023-01-01 22:20:00+00:00,18.97908,72.84887,9.7,218.1,8.799999999999999,194.6,72.75748,18.80303,21809.574316161474,-1
374567890,2023-01-01 22:20:00+00:00,18.80458,72.89656,9.8,299.5,8.8,54.30000000000001,72.78313,18.99385,24193.42514929324,-1
374567890,2023-01-01 22:20:00+00:00,18.81134,72.90109,10.0,301.7,9.0,65.79999999999998,72.78384,18.96447,21026.045861191888,-1
374567890,2023-01-01 22:25:00+00:00,18.80461,72.75328,9.9,99.2,9.200000000000001,-251.7,72.92477,18.80363,18051.368704282282,-1
374567890,2023-01-01 22:25:00+00:00,18.81531,72.82625,0.3,331.2,-7.6000000000000005,217.0,72.86278,18.99961,20850.400870346508,-1
374567890,2023-01-01 22:35:00+00:00,18.92621,72.87932,9.5,165.0,8.6,108.0,72.89023,18.92391,1175.7119135728935,-1
374567890,2023-01-01 22:35:00+00:00,18.81384,72.75564,0.2,30.3,-7.8999999999999995,-210.79999999999998,72.91052,18.98983,25464.108739888703,-1
374567890,2023-01-01 22:35:00+00:00,18.80791,72.8781,8.3,340.9,5.300000000000001,304.5,72.77234,18.98839,22946.29054796619,-1
374567890,2023-01-01 22:40:00+00:00,18.80208,72.83817,0.3,2.4,-1.9999999999999998,-307.5,72.78073,18.97578,20237.85993732959,-1
374567890,2023-01-01 22:40:00+00:00,18.93912,72.76816,9.5,306.2,9.2,212.1,72.76638,18.92142,1977.0349666993748,-1
374567890,2023-01-01 22:45:00+00:00,18.98259,72.8638,9.6,20.1,8.7,-339.59999999999997,72.88081,18.87782,11786.473959876133,-1
374567890,2023-01-01 22:50:00+00:00,18.85248,72.86759,1.1,336.2,-8.1,317.4,72.90181,18.86911,4047.847893773926,-1
374567890,2023-01-01 22:50:00+00:00,18.88989,72.78349,9.9,32.5,8.3,-223.7,72.76369,18.90396,2605.105102146432,-1
374567890,2023-01-01 23:10:00+00:00,18.88538,72.83053,9.9,266.7,9.6,-84.90000000000003,72.84404,18.88814,1454.1179498186373,-1
374567890,2023-01-01 23:10:00+00:00,18.98822,72.76314,0.2,131.7,-9.0,92.79999999999998,72.9339,18.93886,18777.16647742347,-1
374567890,2023-01-01 23:15:00+00:00,18.82928,72.914,9.3,161.1,9.100000000000001,29.400000000000006,72.76314,18.98822,23752.70689374343,-1
374567890,2023-01-01 23:15:00+00:00,18.95503,72.9438,1.9,282.2,-7.0,277.2,72.75097,18.80973,25935.15323953616,-1
374567890,2023-01-01 23:25:00+00:00,18.92957,72.75189,9.8,1.3,4.700000000000001,-329.8,72.90634,18.92818,16246.052454924169,-1
374567890,2023-01-01 23:30:00+00:00,18.97055,72.77738,2.9,12.6,-4.199999999999999,-333.59999999999997,72.92885,18.80628,24240.331405355024,-1
374567890,2023-01-01 23:30:00+00:00,18.93733,72.93958,9.7,105.7,9.5,9.600000000000009,72.93759,18.92557,1324.2977934810835,-1
374567890,2023-01-01 23:35:00+00:00,18.9558,72.89951,1.5,0.3,-7.699999999999999,-258.9,72.90714,18.91388,4729.868469375203,-1
374567890,2023-01-01 23:40:00+00:00,18.92668,72.94608,0.5,0.7,-2.7,-327.6,72.76108,18.96375,19888.5539978835,-1
374567890,2023-01-01 23:40:00+00:00,18.8353,72.76534,0.8,43.9,-9.2,-283.5,72.91275,18.97414,21881.73973481952,-1
374567890,2023-01-01 23:45:00+00:00,18.86981,72.79864,1.4,336.9,-8.1,79.19999999999999,72.81004,18.86895,1203.303859144263,-1
374567890,2023-01-01 23:45:00+00:00,18.88335,72.84326,0.2,82.1,-9.100000000000001,-224.50000000000003,72.90903,18.85409,7646.965130977691,-1
374567890,2023-01-01 23:45:00+00:00,18.9338,72.83362,2.7,5.3,-6.8999999999999995,-316.0,72.83664,18.92559,966.5945800926922,-1
374567890,2023-01-01 23:50:00+00:00,18.94944,72.93894,0.3,345.6,-8.6,313.6,72.92089,18.90177,5630.415337557312,-1
374567890,2023-01-01 23:55:00+00:00,18.82364,72.77384,0.4,31.3,0.10000000000000003,-305.09999999999997,72.92501,18.97343,23028.90328966267,-1
